0x1221	0x1221arg0x0	0
0x1221	0x1221arg0x1	1
0x1332	0x1332arg0x1	1
0x1332	0x1332arg0x0	0
0x1332	0x1332arg0x2	2
0x161a	0x161aarg0x0	0
0x20c9	0x20c9arg0x0	0
0x2470	0x2470arg0x0	0
0x2b5e	0x2b5earg0x0	0
0x33c0	0x33c0arg0x1	1
0x33c0	0x33c0arg0x0	0
0x33c0	0x33c0arg0x2	2
0x3434	0x3434arg0x1	1
0x3434	0x3434arg0x0	0
0x3434	0x3434arg0x2	2
0x392c	0x392carg0x2	2
0x392c	0x392carg0x1	1
0x392c	0x392carg0x3	3
0x392c	0x392carg0x0	0
0x392c	0x392carg0x4	4
0x3f47	0x3f47arg0x1	1
0x3f47	0x3f47arg0x0	0
0x3f47	0x3f47arg0x2	2
0x40bf	0x40bfarg0x0	0
0x40bf	0x40bfarg0x1	1
0x441a	0x441aarg0x0	0
0x441a	0x441aarg0x1	1
0x3f6f	0x3f6farg0x0	0
0x46b0	0x46b0arg0x0	0
0x46b0	0x46b0arg0x1	1
0x46b0	0x46b0arg0x2	2
0x4726	0x4726arg0x0	0
0x4726	0x4726arg0x1	1
0x4726	0x4726arg0x2	2
0x4770	0x4770arg0x0	0
0x4770	0x4770arg0x2	2
0x4770	0x4770arg0x1	1
0x4770	0x4770arg0x3	3
0x4975	0x4975arg0x3	3
0x4975	0x4975arg0x2	2
0x4975	0x4975arg0x1	1
0x4975	0x4975arg0x0	0
0x4975	0x4975arg0x4	4
0x4385	0x4385arg0x0	0
0x4385	0x4385arg0x1	1
0x38c2	0x38c2arg0x0	0
0x5182	0x5182arg0x0	0
0x5182	0x5182arg0x1	1
0x5295	0x5295arg0x2	2
0x5295	0x5295arg0x1	1
0x5295	0x5295arg0x0	0
0x5295	0x5295arg0x3	3
0x5309	0x5309arg0x1	1
0x5309	0x5309arg0x0	0
0x5309	0x5309arg0x2	2
0x542a	0x542aarg0x1	1
0x542a	0x542aarg0x0	0
0x542a	0x542aarg0x2	2
0x5fa5	0x5fa5arg0x1	1
0x5fa5	0x5fa5arg0x0	0
0x5fa5	0x5fa5arg0x2	2
0x5fef	0x5fefarg0x0	0
0x5fef	0x5fefarg0x1	1
0x5fef	0x5fefarg0x2	2
0x54c5	0x54c5arg0x2	2
0x54c5	0x54c5arg0x1	1
0x54c5	0x54c5arg0x0	0
0x54c5	0x54c5arg0x3	3
0x5a5d	0x5a5darg0x1	1
0x5a5d	0x5a5darg0x0	0
0x5a5d	0x5a5darg0x2	2
0x5a5d	0x5a5darg0x3	3
0x61b2	0x61b2arg0x0	0
0x61b2	0x61b2arg0x3	3
0x61b2	0x61b2arg0x2	2
0x61b2	0x61b2arg0x1	1
0x61b2	0x61b2arg0x4	4
0x6c0f	0x6c0farg0x1	1
0x6c0f	0x6c0farg0x0	0
0x6c0f	0x6c0farg0x2	2
