0x0	0x80
0x40	0xf3fdb15a
0x1f	0xc37f68e2
0x2	0x40
0x5	0x4
0xd	0x0
0x10	0xe0
0x14	0x95d89b41
0x1a	0x14f
0x25	0xc1
0x2a	0xf2b3abbd
0x30	0x7a
0x35	0xf2b3abbd
0x4b	0xf851a440
0x56	0xf8f9da28
0x61	0xfca7820b
0x6c	0xfe9c44ae
0x76	0x27d
0x7c	0xc37f68e2
0x87	0xc5ebeaec
0x92	0xdb006a75
0x9d	0xdd62ed3e
0xa8	0xe5974619
0xb3	0xe9c714f2
0xbd	0x27d
0xc3	0xaa5af0fd
0xc9	0x113
0xce	0xaa5af0fd
0xd9	0xaae40a2a
0xe4	0xae9d70b0
0xef	0xb2a02ff1
0xfa	0xb71d1a0c
0x105	0xbd6d894d
0x10f	0x27d
0x115	0x95d89b41
0x120	0x95dd9193
0x12b	0x99d8c1b4
0x136	0xa6afed95
0x141	0xa9059cbb
0x14b	0x27d
0x151	0x3b1d21a2
0x157	0x1f3
0x15c	0x6c540baf
0x162	0x1ac
0x167	0x6c540baf
0x172	0x70a08231
0x17d	0x73acee98
0x188	0x852a12e3
0x193	0x893d20e8
0x19e	0x8f840ddd
0x1a8	0x27d
0x1ae	0x3b1d21a2
0x1b9	0x4576b5db
0x1c4	0x47bd3718
0x1cf	0x4e4d9fea
0x1da	0x5fe3b567
0x1e5	0x601a0bf1
0x1ef	0x27d
0x1f5	0x18160ddd
0x1fb	0x245
0x200	0x18160ddd
0x20b	0x182df0f5
0x216	0x23b872dd
0x221	0x26782247
0x22c	0x313ce567
0x237	0x3af9e669
0x241	0x27d
0x247	0x6fdde03
0x252	0x95ea7b3
0x25d	0x1249c58b
0x268	0x173b9904
0x273	0x17bfdfbc
0x27e	0x0
0x280	0x288
0x284	0x1221
0x28c	0x2ca
0x290	0x40
0x294	0x40
0x297	0x40
0x29b	0xb
0x29f	0x20
0x2a2	0x6d696e74206661696c6564000000000000000000000000000000000000000000
0x2c6	0x1332
0x2d1	0x2d9
0x2d5	0x0
0x2db	0x2e2
0x2de	0x161a
0x2e3	0x40
0x2e8	0x20
0x2ed	0x20
0x2f6	0x20
0x2fe	0x20
0x305	0x0
0x30c	0x322
0x318	0x20
0x31e	0x307
0x32d	0x1f
0x332	0x34f
0x33b	0x1
0x33e	0x20
0x341	0x100
0x34a	0x20
0x355	0x40
0x361	0x369
0x365	0x0
0x36b	0x3b6
0x36e	0x4
0x373	0x40
0x378	0x380
0x37c	0x0
0x387	0xffffffffffffffffffffffffffffffffffffffff
0x39e	0x20
0x3a0	0x24
0x3a8	0x20
0x3aa	0x44
0x3b2	0x16b8
0x3b7	0x40
0x3c2	0x20
0x3c8	0x40
0x3cd	0x20
0x3d1	0x3d8
0x3d4	0x17af
0x3de	0x3e6
0x3e2	0x0
0x3e8	0x3ef
0x3eb	0x17ff
0x3f0	0x40
0x3f7	0x20
0x3fd	0x40
0x402	0x20
0x409	0x411
0x40d	0x0
0x413	0x454
0x416	0x4
0x41b	0x20
0x420	0x428
0x424	0x0
0x42f	0xffffffffffffffffffffffffffffffffffffffff
0x446	0x20
0x448	0x24
0x450	0x1805
0x455	0x40
0x45c	0x20
0x462	0x40
0x467	0x20
0x46e	0x476
0x472	0x0
0x478	0x47f
0x47b	0x1954
0x480	0x40
0x487	0x20
0x48d	0x40
0x492	0x20
0x499	0x4a1
0x49d	0x0
0x4a3	0x4aa
0x4a6	0x195a
0x4ab	0x40
0x4b2	0x20
0x4b8	0x40
0x4bd	0x20
0x4c4	0x4cc
0x4c8	0x0
0x4ce	0x539
0x4d1	0x4
0x4d6	0x60
0x4db	0x4e3
0x4df	0x0
0x4ea	0xffffffffffffffffffffffffffffffffffffffff
0x501	0x20
0x503	0x24
0x50a	0xffffffffffffffffffffffffffffffffffffffff
0x521	0x20
0x523	0x44
0x52b	0x20
0x52d	0x64
0x535	0x1969
0x53a	0x40
0x545	0x20
0x54b	0x40
0x550	0x20
0x557	0x55f
0x55b	0x0
0x561	0x568
0x564	0x1a43
0x569	0x40
0x56e	0xffffffffffffffffffffffffffffffffffffffff
0x584	0xffffffffffffffffffffffffffffffffffffffff
0x59c	0x20
0x5a2	0x40
0x5a7	0x20
0x5ae	0x5b6
0x5b2	0x0
0x5b8	0x5bf
0x5bb	0x1a69
0x5c0	0x40
0x5c5	0xff
0x5c8	0xff
0x5cd	0x20
0x5d3	0x40
0x5d8	0x20
0x5df	0x5e7
0x5e3	0x0
0x5e9	0x62a
0x5ec	0x4
0x5f1	0x20
0x5f6	0x5fe
0x5fa	0x0
0x605	0xffffffffffffffffffffffffffffffffffffffff
0x61c	0x20
0x61e	0x24
0x626	0x1a7c
0x644	0x64c
0x648	0x0
0x64e	0x655
0x651	0x1aef
0x656	0x40
0x65d	0x20
0x663	0x40
0x668	0x20
0x66f	0x677
0x673	0x0
0x679	0x6ba
0x67c	0x4
0x681	0x20
0x686	0x68e
0x68a	0x0
0x695	0xffffffffffffffffffffffffffffffffffffffff
0x6ac	0x20
0x6ae	0x24
0x6b6	0x1afe
0x6bb	0x40
0x6c2	0x20
0x6c8	0x40
0x6cd	0x20
0x6d4	0x6dc
0x6d8	0x0
0x6de	0x6e5
0x6e1	0x1d6f
0x6e6	0x40
0x6ed	0x20
0x6f3	0x40
0x6f8	0x20
0x6fc	0x703
0x6ff	0x1d75
0x709	0x711
0x70d	0x0
0x713	0x71a
0x716	0x1dc5
0x71b	0x40
0x720	0xffffffffffffffffffffffffffffffffffffffff
0x736	0xffffffffffffffffffffffffffffffffffffffff
0x74e	0x20
0x754	0x40
0x759	0x20
0x760	0x768
0x764	0x0
0x76a	0x795
0x76d	0x4
0x772	0x20
0x777	0x77f
0x77b	0x0
0x787	0x20
0x789	0x24
0x791	0x1deb
0x796	0x40
0x79d	0x20
0x7a3	0x40
0x7a8	0x20
0x7af	0x7b7
0x7b3	0x0
0x7b9	0x7c0
0x7bc	0x1ef1
0x7c1	0x40
0x7c8	0x20
0x7ce	0x40
0x7d3	0x20
0x7da	0x7e2
0x7de	0x0
0x7e4	0x825
0x7e7	0x4
0x7ec	0x20
0x7f1	0x7f9
0x7f5	0x0
0x800	0xffffffffffffffffffffffffffffffffffffffff
0x817	0x20
0x819	0x24
0x821	0x1ef7
0x826	0x40
0x82d	0x20
0x833	0x40
0x838	0x20
0x83f	0x847
0x843	0x0
0x849	0x850
0x84c	0x1f40
0x851	0x40
0x858	0x20
0x85e	0x40
0x863	0x20
0x86a	0x872
0x86e	0x0
0x874	0x89f
0x877	0x4
0x87c	0x20
0x881	0x889
0x885	0x0
0x891	0x20
0x893	0x24
0x89b	0x2087
0x8b9	0x8c1
0x8bd	0x0
0x8c3	0x8ca
0x8c6	0x2099
0x8cb	0x40
0x8d0	0xffffffffffffffffffffffffffffffffffffffff
0x8e6	0xffffffffffffffffffffffffffffffffffffffff
0x8fe	0x20
0x904	0x40
0x909	0x20
0x910	0x918
0x914	0x0
0x91a	0x921
0x91d	0x20c3
0x922	0x40
0x929	0x20
0x92f	0x40
0x934	0x20
0x93b	0x943
0x93f	0x0
0x945	0x94c
0x948	0x20c9
0x94d	0x40
0x952	0x20
0x957	0x20
0x960	0x20
0x968	0x20
0x96f	0x0
0x976	0x98c
0x982	0x20
0x988	0x971
0x997	0x1f
0x99c	0x9b9
0x9a5	0x1
0x9a8	0x20
0x9ab	0x100
0x9b4	0x20
0x9bf	0x40
0x9cb	0x9d3
0x9cf	0x0
0x9d5	0xa16
0x9d8	0x4
0x9dd	0x20
0x9e2	0x9ea
0x9e6	0x0
0x9f1	0xffffffffffffffffffffffffffffffffffffffff
0xa08	0x20
0xa0a	0x24
0xa12	0x2167
0xa17	0x40
0xa1e	0x20
0xa24	0x40
0xa29	0x20
0xa30	0xa38
0xa34	0x0
0xa3a	0xbe0
0xa3d	0x4
0xa42	0xc0
0xa47	0xa4f
0xa4b	0x0
0xa56	0xffffffffffffffffffffffffffffffffffffffff
0xa6d	0x20
0xa6f	0x24
0xa76	0xffffffffffffffffffffffffffffffffffffffff
0xa8d	0x20
0xa8f	0x44
0xa97	0x20
0xa99	0x64
0xaa1	0x20
0xaa3	0x84
0xaa5	0x100000000
0xaae	0xab6
0xab2	0x0
0xaba	0x20
0xac0	0xac8
0xac4	0x0
0xacc	0x20
0xad1	0x1
0xad8	0x100000000
0xae2	0xaea
0xae6	0x0
0xaef	0x1f
0xaf2	0x20
0xaf8	0x20
0xafb	0x40
0xb01	0x40
0xb0c	0x20
0xb15	0x0
0xb1b	0x1f
0xb1d	0xffffffffffffffffffffffffffffffffffffffffffffffffffffffffffffffe0
0xb1e	0x1f
0xb38	0x20
0xb3a	0xa4
0xb3c	0x100000000
0xb45	0xb4d
0xb49	0x0
0xb51	0x20
0xb57	0xb5f
0xb5b	0x0
0xb63	0x20
0xb68	0x1
0xb6f	0x100000000
0xb79	0xb81
0xb7d	0x0
0xb86	0x1f
0xb89	0x20
0xb8f	0x20
0xb92	0x40
0xb98	0x40
0xba3	0x20
0xbac	0x0
0xbb2	0x1f
0xbb4	0xffffffffffffffffffffffffffffffffffffffffffffffffffffffffffffffe0
0xbb5	0x1f
0xbce	0xff
0xbd2	0x20
0xbd4	0xc4
0xbdc	0x2179
0xbe6	0xbee
0xbea	0x0
0xbf0	0xbf7
0xbf3	0x2470
0xbf8	0x40
0xbff	0x20
0xc05	0x40
0xc0a	0x20
0xc11	0xc19
0xc15	0x0
0xc1b	0xc66
0xc1e	0x4
0xc23	0x40
0xc28	0xc30
0xc2c	0x0
0xc37	0xffffffffffffffffffffffffffffffffffffffff
0xc4e	0x20
0xc50	0x24
0xc58	0x20
0xc5a	0x44
0xc62	0x2706
0xc67	0x40
0xc72	0x20
0xc78	0x40
0xc7d	0x20
0xc84	0xc8c
0xc88	0x0
0xc8e	0xc95
0xc91	0x27df
0xc96	0x40
0xc9d	0x20
0xca3	0x40
0xca8	0x20
0xcac	0xd0d
0xcaf	0x4
0xcb4	0x40
0xcb9	0xcc1
0xcbd	0x0
0xcc8	0xffffffffffffffffffffffffffffffffffffffff
0xcdf	0x20
0xce1	0x24
0xce8	0xffffffffffffffffffffffffffffffffffffffff
0xcff	0x20
0xd01	0x44
0xd09	0x27e5
0xd13	0xd1b
0xd17	0x0
0xd1d	0xd24
0xd20	0x2839
0xd25	0x40
0xd2c	0x20
0xd32	0x40
0xd37	0x20
0xd3e	0xd46
0xd42	0x0
0xd48	0xdb3
0xd4b	0x4
0xd50	0x60
0xd55	0xd5d
0xd59	0x0
0xd64	0xffffffffffffffffffffffffffffffffffffffff
0xd7b	0x20
0xd7d	0x24
0xd84	0xffffffffffffffffffffffffffffffffffffffff
0xd9b	0x20
0xd9d	0x44
0xda5	0x20
0xda7	0x64
0xdaf	0x2913
0xdb4	0x40
0xdbb	0x20
0xdc1	0x40
0xdc6	0x20
0xdcd	0xdd5
0xdd1	0x0
0xdd7	0xe18
0xdda	0x4
0xddf	0x20
0xde4	0xdec
0xde8	0x0
0xdf3	0xffffffffffffffffffffffffffffffffffffffff
0xe0a	0x20
0xe0c	0x24
0xe14	0x29df
0xe19	0x40
0xe20	0x20
0xe26	0x40
0xe2b	0x20
0xe32	0xe3a
0xe36	0x0
0xe3c	0xe43
0xe3f	0x2b5e
0xe44	0x40
0xe4b	0x20
0xe51	0x40
0xe56	0x20
0xe5d	0xe65
0xe61	0x0
0xe67	0xea8
0xe6a	0x4
0xe6f	0x20
0xe74	0xe7c
0xe78	0x0
0xe83	0xffffffffffffffffffffffffffffffffffffffff
0xe9a	0x20
0xe9c	0x24
0xea4	0x2caa
0xea9	0x40
0xeb0	0x20
0xeb6	0x20
0xebc	0x20
0xec2	0x20
0xecb	0x40
0xed0	0x80
0xed7	0xedf
0xedb	0x0
0xee1	0xf0c
0xee4	0x4
0xee9	0x20
0xeee	0xef6
0xef2	0x0
0xefe	0x20
0xf00	0x24
0xf08	0x2d2f
0xf26	0xf2e
0xf2a	0x0
0xf30	0xf5b
0xf33	0x4
0xf38	0x20
0xf3d	0xf45
0xf41	0x0
0xf4d	0x20
0xf4f	0x24
0xf57	0x2d41
0xf75	0xf7d
0xf79	0x0
0xf7f	0xfe0
0xf82	0x4
0xf87	0x40
0xf8c	0xf94
0xf90	0x0
0xf9b	0xffffffffffffffffffffffffffffffffffffffff
0xfb2	0x20
0xfb4	0x24
0xfbb	0xffffffffffffffffffffffffffffffffffffffff
0xfd2	0x20
0xfd4	0x44
0xfdc	0x2d53
0xfe1	0x40
0xfe8	0x20
0xfee	0x40
0xff3	0x20
0xff7	0x1038
0xffa	0x4
0xfff	0x20
0x1004	0x100c
0x1008	0x0
0x1013	0xffffffffffffffffffffffffffffffffffffffff
0x102a	0x20
0x102c	0x24
0x1034	0x2dda
0x103e	0x1046
0x1042	0x0
0x1048	0x104f
0x104b	0x2e2c
0x1050	0x40
0x1057	0x20
0x105d	0x40
0x1062	0x20
0x1069	0x1071
0x106d	0x0
0x1073	0x10b4
0x1076	0x4
0x107b	0x20
0x1080	0x1088
0x1084	0x0
0x108f	0xffffffffffffffffffffffffffffffffffffffff
0x10a6	0x20
0x10a8	0x24
0x10b0	0x3149
0x10b5	0x40
0x10bc	0x20
0x10c2	0x40
0x10c7	0x20
0x10ce	0x10d6
0x10d2	0x0
0x10d8	0x10df
0x10db	0x3199
0x10e0	0x40
0x10e5	0xffffffffffffffffffffffffffffffffffffffff
0x10fb	0xffffffffffffffffffffffffffffffffffffffff
0x1113	0x20
0x1119	0x40
0x111e	0x20
0x1125	0x112d
0x1129	0x0
0x112f	0x1136
0x1132	0x31bf
0x1137	0x40
0x113c	0xffffffffffffffffffffffffffffffffffffffff
0x1152	0xffffffffffffffffffffffffffffffffffffffff
0x116a	0x20
0x1170	0x40
0x1175	0x20
0x117c	0x1184
0x1180	0x0
0x1186	0x118d
0x1189	0x31e5
0x118e	0x40
0x1195	0x20
0x119b	0x40
0x11a0	0x20
0x11a7	0x11af
0x11ab	0x0
0x11b1	0x11dc
0x11b4	0x4
0x11b9	0x20
0x11be	0x11c6
0x11c2	0x0
0x11ce	0x20
0x11d0	0x24
0x11d8	0x32b5
0x11dd	0x40
0x11e4	0x20
0x11ea	0x40
0x11ef	0x20
0x11f6	0x11fe
0x11fa	0x0
0x1200	0x1207
0x1203	0x33bb
0x1208	0x40
0x1213	0x20
0x1219	0x40
0x121e	0x20
0x1222	0x0
0x1225	0x0
0x122b	0x100
0x122e	0x1
0x1231	0xff
0x1234	0x12a5
0x1238	0x40
0x123b	0x8c379a000000000000000000000000000000000000000000000000000000000
0x125e	0x4
0x1263	0x20
0x1268	0x20
0x126b	0xa
0x126f	0x20
0x1273	0x72652d656e746572656400000000000000000000000000000000000000000000
0x1297	0x20
0x129d	0x40
0x12a2	0x64
0x12a6	0x0
0x12a9	0x0
0x12ab	0x100
0x12ae	0x1
0x12b2	0xff
0x12b4	0xff
0x12b5	0xffffffffffffffffffffffffffffffffffffffffffffffffffffffffffffff00
0x12b9	0x1
0x12ba	0x0
0x12bb	0x0
0x12c0	0x0
0x12c2	0x12c9
0x12c5	0x2470
0x12cc	0x0
0x12ce	0x10
0x12d1	0x0
0x12d2	0x1
0x12d3	0x12d8
0x12db	0x1303
0x12df	0x12f4
0x12e3	0x10
0x12e8	0x12ed
0x12ee	0x14
0x12f0	0x33c0
0x12f5	0x0
0x12ff	0x1313
0x1304	0x130d
0x1309	0x3434
0x1333	0x0
0x1335	0x10
0x1338	0x0
0x1339	0x1
0x133a	0x133f
0x1343	0x134b
0x1347	0x1616
0x134c	0x60
0x134e	0x5
0x1353	0x40
0x135b	0x1f
0x135e	0x1f
0x1360	0xffffffffffffffffffffffffffffffffffffffffffffffffffffffffffffffe0
0x1362	0x20
0x1367	0x40
0x136c	0x1384
0x1371	0x20
0x1374	0x1
0x1388	0x0
0x1393	0x13f5
0x139d	0x13a2
0x13a3	0x20
0x13a8	0xf8
0x13ab	0xf8
0x13b4	0x13b9
0x13ba	0x20
0x13bf	0xffffffffffffffffffffffffffffffffffffffffffffffffffffffffffffff
0x13df	0xff00000000000000000000000000000000000000000000000000000000000000
0x13e3	0x0
0x13eb	0x1
0x13f1	0x138d
0x13f6	0x20
0x13f8	0xf8
0x13fa	0x2000000000000000000000000000000000000000000000000000000000000000
0x13fc	0x0
0x1404	0x1409
0x140a	0x20
0x140f	0xffffffffffffffffffffffffffffffffffffffffffffffffffffffffffffff
0x142f	0xff00000000000000000000000000000000000000000000000000000000000000
0x1430	0x2000000000000000000000000000000000000000000000000000000000000000
0x1433	0x0
0x1439	0x28
0x143b	0xf8
0x143d	0x2800000000000000000000000000000000000000000000000000000000000000
0x143f	0x1
0x1447	0x144c
0x144d	0x20
0x1452	0xffffffffffffffffffffffffffffffffffffffffffffffffffffffffffffff
0x1472	0xff00000000000000000000000000000000000000000000000000000000000000
0x1473	0x2800000000000000000000000000000000000000000000000000000000000000
0x1476	0x0
0x147c	0xa
0x1480	0x1485
0x1487	0x30
0x148a	0xf8
0x148e	0x2
0x1496	0x149b
0x149c	0x20
0x14a1	0xffffffffffffffffffffffffffffffffffffffffffffffffffffffffffffff
0x14c1	0xff00000000000000000000000000000000000000000000000000000000000000
0x14c5	0x0
0x14cb	0xa
0x14cf	0x14d4
0x14d6	0x30
0x14d9	0xf8
0x14dd	0x3
0x14e5	0x14ea
0x14eb	0x20
0x14f0	0xffffffffffffffffffffffffffffffffffffffffffffffffffffffffffffff
0x1510	0xff00000000000000000000000000000000000000000000000000000000000000
0x1514	0x0
0x151a	0x29
0x151c	0xf8
0x151e	0x2900000000000000000000000000000000000000000000000000000000000000
0x1520	0x4
0x1528	0x152d
0x152e	0x20
0x1533	0xffffffffffffffffffffffffffffffffffffffffffffffffffffffffffffff
0x1553	0xff00000000000000000000000000000000000000000000000000000000000000
0x1554	0x2900000000000000000000000000000000000000000000000000000000000000
0x1557	0x0
0x155d	0x0
0x155f	0x10
0x1562	0x0
0x1563	0x1
0x1564	0x1569
0x156e	0x1612
0x1572	0x40
0x1575	0x8c379a000000000000000000000000000000000000000000000000000000000
0x1598	0x4
0x159d	0x20
0x15a2	0x20
0x15ab	0x20
0x15b3	0x20
0x15ba	0x0
0x15c1	0x15d7
0x15cd	0x20
0x15d3	0x15bc
0x15e2	0x1f
0x15e7	0x1604
0x15f0	0x1
0x15f3	0x20
0x15f6	0x100
0x15ff	0x20
0x160a	0x40
0x161b	0x1
0x161f	0x1
0x1622	0x1
0x1626	0x100
0x162c	0x2
0x1631	0x1f
0x1634	0x20
0x163a	0x20
0x163d	0x40
0x1643	0x40
0x164d	0x20
0x1653	0x1
0x1656	0x1
0x165a	0x100
0x1660	0x2
0x1666	0x7526
0x166b	0x1f
0x166e	0x1685
0x1672	0x100
0x167d	0x20
0x1681	0x754d
0x168a	0x0
0x168d	0x20
0x168f	0x0
0x1699	0x1
0x169d	0x20
0x16a3	0x1693
0x16aa	0x1f
0x16b9	0x0
0x16c0	0xf
0x16c2	0x0
0x16c5	0xffffffffffffffffffffffffffffffffffffffff
0x16db	0xffffffffffffffffffffffffffffffffffffffff
0x16f3	0x20
0x16f5	0x20
0x16f9	0x20
0x16fb	0x40
0x16fc	0x0
0x16ff	0x0
0x1702	0xffffffffffffffffffffffffffffffffffffffff
0x1718	0xffffffffffffffffffffffffffffffffffffffff
0x1730	0x20
0x1732	0x20
0x1736	0x20
0x1738	0x40
0x1739	0x0
0x1741	0xffffffffffffffffffffffffffffffffffffffff
0x1758	0xffffffffffffffffffffffffffffffffffffffff
0x176e	0x8c5be1e5ebec7d5bd14f71427d1e84f3dd0314c0f7b2291e5b200ac8c7c3b925
0x1790	0x40
0x1797	0x20
0x179d	0x40
0x17a2	0x20
0x17a5	0x1
0x1800	0x8
0x1806	0x0
0x1809	0x0
0x180e	0x100
0x1811	0x1
0x1814	0xff
0x1817	0x1888
0x181b	0x40
0x181e	0x8c379a000000000000000000000000000000000000000000000000000000000
0x1841	0x4
0x1846	0x20
0x184b	0x20
0x184e	0xa
0x1852	0x20
0x1856	0x72652d656e746572656400000000000000000000000000000000000000000000
0x187a	0x20
0x1880	0x40
0x1885	0x64
0x1889	0x0
0x188c	0x0
0x188e	0x100
0x1891	0x1
0x1895	0xff
0x1897	0xff
0x1898	0xffffffffffffffffffffffffffffffffffffffffffffffffffffffffffffff00
0x189c	0x1
0x189d	0x0
0x189e	0x0
0x18a3	0x0
0x18a5	0x10
0x18a8	0x0
0x18a9	0x1
0x18aa	0x18af
0x18b0	0x18b7
0x18b3	0x2470
0x18b9	0x192a
0x18bd	0x40
0x18c0	0x8c379a000000000000000000000000000000000000000000000000000000000
0x18e3	0x4
0x18e8	0x20
0x18ed	0x20
0x18f0	0x16
0x18f4	0x20
0x18f8	0x61636372756520696e746572657374206661696c656400000000000000000000
0x191c	0x20
0x1922	0x40
0x1927	0x64
0x192b	0x1933
0x192f	0x2167
0x1936	0x1
0x1938	0x0
0x193b	0x100
0x193e	0x1
0x1942	0xff
0x1944	0xff
0x1945	0xffffffffffffffffffffffffffffffffffffffffffffffffffffffffffffff00
0x1949	0x0
0x194a	0x1
0x194b	0x1
0x1955	0xd
0x196a	0x0
0x196d	0x0
0x1972	0x100
0x1975	0x1
0x1978	0xff
0x197b	0x19ec
0x197f	0x40
0x1982	0x8c379a000000000000000000000000000000000000000000000000000000000
0x19a5	0x4
0x19aa	0x20
0x19af	0x20
0x19b2	0xa
0x19b6	0x20
0x19ba	0x72652d656e746572656400000000000000000000000000000000000000000000
0x19de	0x20
0x19e4	0x40
0x19e9	0x64
0x19ed	0x0
0x19f0	0x0
0x19f2	0x100
0x19f5	0x1
0x19f9	0xff
0x19fb	0xff
0x19fc	0xffffffffffffffffffffffffffffffffffffffffffffffffffffffffffffff00
0x1a00	0x1
0x1a01	0x0
0x1a02	0x0
0x1a07	0x0
0x1a09	0x10
0x1a0c	0x0
0x1a0d	0x1
0x1a0e	0x1a13
0x1a14	0x1a1f
0x1a1b	0x392c
0x1a23	0x1
0x1a25	0x0
0x1a28	0x100
0x1a2b	0x1
0x1a2f	0xff
0x1a31	0xff
0x1a32	0xffffffffffffffffffffffffffffffffffffffffffffffffffffffffffffff00
0x1a36	0x0
0x1a37	0x1
0x1a38	0x1
0x1a44	0x4
0x1a46	0x0
0x1a4b	0x100
0x1a4e	0x1
0x1a51	0xffffffffffffffffffffffffffffffffffffffff
0x1a6a	0x3
0x1a6c	0x0
0x1a71	0x100
0x1a74	0x1
0x1a77	0xff
0x1a7d	0x0
0x1a7f	0x1a86
0x1a82	0x71f3
0x1a87	0x40
0x1a8b	0x20
0x1a8e	0x40
0x1a92	0x1a99
0x1a95	0x2b5e
0x1a9f	0x1ae7
0x1aa3	0xe
0x1aa5	0x0
0x1aa8	0xffffffffffffffffffffffffffffffffffffffff
0x1abe	0xffffffffffffffffffffffffffffffffffffffff
0x1ad6	0x20
0x1ad8	0x20
0x1adc	0x20
0x1ade	0x40
0x1adf	0x0
0x1ae3	0x3f47
0x1d70	0xb
0x1dc6	0x5
0x1dc8	0x0
0x1dcd	0x100
0x1dd0	0x1
0x1dd3	0xffffffffffffffffffffffffffffffffffffffff
0x1dec	0x0
0x1def	0x0
0x1df4	0x100
0x1df7	0x1
0x1dfa	0xff
0x1dfd	0x1e6e
0x1e01	0x40
0x1e04	0x8c379a000000000000000000000000000000000000000000000000000000000
0x1e27	0x4
0x1e2c	0x20
0x1e31	0x20
0x1e34	0xa
0x1e38	0x20
0x1e3c	0x72652d656e746572656400000000000000000000000000000000000000000000
0x1e60	0x20
0x1e66	0x40
0x1e6b	0x64
0x1e6f	0x0
0x1e72	0x0
0x1e74	0x100
0x1e77	0x1
0x1e7b	0xff
0x1e7d	0xff
0x1e7e	0xffffffffffffffffffffffffffffffffffffffffffffffffffffffffffffff00
0x1e82	0x1
0x1e83	0x0
0x1e84	0x0
0x1e89	0x0
0x1e8b	0x1e92
0x1e8e	0x2470
0x1e95	0x0
0x1e97	0x10
0x1e9a	0x0
0x1e9b	0x1
0x1e9c	0x1ea1
0x1ea4	0x1ec5
0x1ea8	0x1ebd
0x1eac	0x10
0x1eb1	0x1eb6
0x1eb7	0x1d
0x1eb9	0x33c0
0x1ec1	0x1ed2
0x1ec6	0x1ece
0x1eca	0x40bf
0x1ed3	0x1
0x1ed5	0x0
0x1ed8	0x100
0x1edb	0x1
0x1edf	0xff
0x1ee1	0xff
0x1ee2	0xffffffffffffffffffffffffffffffffffffffffffffffffffffffffffffff00
0x1ee6	0x0
0x1ee7	0x1
0x1ee8	0x1
0x1ef2	0x9
0x1ef8	0x0
0x1efa	0xe
0x1efc	0x0
0x1eff	0xffffffffffffffffffffffffffffffffffffffff
0x1f15	0xffffffffffffffffffffffffffffffffffffffff
0x1f2d	0x20
0x1f2f	0x20
0x1f33	0x20
0x1f35	0x40
0x1f36	0x0
0x2088	0x0
0x208a	0x2092
0x208e	0x427c
0x209a	0x0
0x209c	0x3
0x209e	0x1
0x20a3	0x100
0x20a6	0x100
0x20a9	0xffffffffffffffffffffffffffffffffffffffff
0x20c4	0xc
0x20ca	0x2
0x20ce	0x1
0x20d1	0x1
0x20d5	0x100
0x20db	0x2
0x20e0	0x1f
0x20e3	0x20
0x20e9	0x20
0x20ec	0x40
0x20f2	0x40
0x20fc	0x20
0x2102	0x1
0x2105	0x1
0x2109	0x100
0x210f	0x2
0x2115	0x7574
0x211a	0x1f
0x211d	0x2134
0x2121	0x100
0x212c	0x20
0x2130	0x759b
0x2139	0x0
0x213c	0x20
0x213e	0x0
0x2148	0x1
0x214c	0x20
0x2152	0x2142
0x2159	0x1f
0x217a	0x3
0x217c	0x1
0x2181	0x100
0x2184	0x100
0x2187	0xffffffffffffffffffffffffffffffffffffffff
0x219d	0xffffffffffffffffffffffffffffffffffffffff
0x21b4	0xffffffffffffffffffffffffffffffffffffffff
0x21cb	0x221f
0x21cf	0x40
0x21d2	0x8c379a000000000000000000000000000000000000000000000000000000000
0x21f5	0x4
0x21fa	0x20
0x21ff	0x20
0x2202	0x24
0x2206	0x20
0x220a	0x73e0
0x220d	0x24
0x2211	0x40
0x2217	0x40
0x221c	0x84
0x2220	0x0
0x2222	0x9
0x2228	0x2233
0x222d	0x0
0x222f	0xa
0x2234	0x2288
0x2238	0x40
0x223b	0x8c379a000000000000000000000000000000000000000000000000000000000
0x225e	0x4
0x2263	0x20
0x2268	0x20
0x226b	0x23
0x226f	0x20
0x2273	0x7404
0x2276	0x23
0x227a	0x40
0x2280	0x40
0x2285	0x84
0x228a	0x7
0x2290	0x0
0x2292	0x7
0x2296	0x22ea
0x229a	0x40
0x229d	0x8c379a000000000000000000000000000000000000000000000000000000000
0x22c0	0x4
0x22c5	0x20
0x22ca	0x20
0x22cd	0x30
0x22d1	0x20
0x22d5	0x7427
0x22d8	0x30
0x22dc	0x40
0x22e2	0x40
0x22e7	0x84
0x22eb	0x0
0x22ed	0x22f5
0x22f1	0x1afe
0x22f8	0x0
0x22fa	0x10
0x22fd	0x0
0x22fe	0x1
0x22ff	0x2304
0x2307	0x2378
0x230b	0x40
0x230e	0x8c379a000000000000000000000000000000000000000000000000000000000
0x2331	0x4
0x2336	0x20
0x233b	0x20
0x233e	0x1a
0x2342	0x20
0x2346	0x73657474696e6720636f6d7074726f6c6c6572206661696c6564000000000000
0x236a	0x20
0x2370	0x40
0x2375	0x64
0x2379	0x2380
0x237c	0x4412
0x2381	0x9
0x2387	0xde0b6b3a7640000
0x2390	0xa
0x2396	0x239e
0x239a	0x441a
0x23a1	0x0
0x23a3	0x10
0x23a6	0x0
0x23a7	0x1
0x23a8	0x23ad
0x23b0	0x2404
0x23b4	0x40
0x23b7	0x8c379a000000000000000000000000000000000000000000000000000000000
0x23da	0x4
0x23df	0x20
0x23e4	0x20
0x23e7	0x22
0x23eb	0x20
0x23ef	0x7457
0x23f2	0x22
0x23f6	0x40
0x23fc	0x40
0x2401	0x84
0x2406	0x1
0x240c	0x20
0x2410	0x241a
0x2416	0x7206
0x241d	0x2
0x2423	0x20
0x2427	0x2431
0x242d	0x7206
0x2434	0x3
0x2436	0x0
0x2438	0x100
0x243b	0x1
0x243f	0xff
0x2441	0xff
0x2442	0xffffffffffffffffffffffffffffffffffffffffffffffffffffffffffffff00
0x2446	0xff
0x244e	0x1
0x2450	0x0
0x2453	0x100
0x2456	0x1
0x245a	0xff
0x245c	0xff
0x245d	0xffffffffffffffffffffffffffffffffffffffffffffffffffffffffffffff00
0x2461	0x0
0x2462	0x1
0x2463	0x1
0x2471	0x0
0x2474	0x247b
0x2477	0x4412
0x247e	0x0
0x2480	0x9
0x2489	0x24a2
0x248d	0x0
0x248f	0x10
0x2492	0x0
0x2493	0x1
0x2494	0x2499
0x249e	0x2703
0x24a3	0x0
0x24a5	0x24ac
0x24a8	0x3f6f
0x24af	0x0
0x24b1	0xb
0x24b6	0x0
0x24b8	0xc
0x24bd	0x0
0x24bf	0xa
0x24c4	0x0
0x24c6	0x6
0x24c8	0x0
0x24cd	0x100
0x24d0	0x1
0x24d3	0xffffffffffffffffffffffffffffffffffffffff
0x24e9	0xffffffffffffffffffffffffffffffffffffffff
0x24ff	0x15f24053
0x2507	0x40
0x250b	0xffffffff
0x2510	0x15f24053
0x2511	0xe0
0x2513	0x15f2405300000000000000000000000000000000000000000000000000000000
0x2516	0x4
0x251d	0x20
0x2523	0x20
0x2529	0x20
0x2531	0x20
0x2533	0x40
0x2538	0x64
0x2540	0x2548
0x2544	0x0
0x254f	0x255c
0x2554	0x0
0x2559	0x0
0x2561	0x40
0x2565	0x20
0x256a	0x2572
0x256e	0x0
0x257a	0x20
0x2586	0x48c27395000
0x2590	0x2601
0x2594	0x40
0x2597	0x8c379a000000000000000000000000000000000000000000000000000000000
0x25ba	0x4
0x25bf	0x20
0x25c4	0x20
0x25c7	0x1c
0x25cb	0x20
0x25cf	0x626f72726f772072617465206973206162737572646c79206869676800000000
0x25f3	0x20
0x25f9	0x40
0x25fe	0x64
0x2602	0x0
0x2604	0x260d
0x2609	0x46b0
0x2610	0x2617
0x2613	0x71f3
0x2618	0x262f
0x261b	0x40
0x261f	0x20
0x2622	0x40
0x262b	0x46fa
0x2632	0x0
0x2634	0x263d
0x2639	0x3f47
0x2640	0x0
0x2642	0x264b
0x2647	0x4726
0x264e	0x0
0x2650	0x266a
0x2653	0x40
0x2657	0x20
0x265a	0x40
0x265e	0x8
0x2666	0x4770
0x266d	0x0
0x266f	0x2679
0x2675	0x4770
0x267d	0x9
0x2684	0xa
0x268b	0xb
0x2692	0xc
0x2698	0x4dec04e750ca11537cabcd8a9eab06494de08da3735bc8871cd41250e190bc04
0x26bd	0x40
0x26c4	0x20
0x26ca	0x20
0x26d0	0x20
0x26d6	0x20
0x26df	0x40
0x26e4	0x80
0x26e7	0x0
0x26e9	0x10
0x26ec	0x0
0x26ed	0x1
0x26ee	0x26f3
0x2707	0x0
0x270a	0x0
0x270f	0x100
0x2712	0x1
0x2715	0xff
0x2718	0x2789
0x271c	0x40
0x271f	0x8c379a000000000000000000000000000000000000000000000000000000000
0x2742	0x4
0x2747	0x20
0x274c	0x20
0x274f	0xa
0x2753	0x20
0x2757	0x72652d656e746572656400000000000000000000000000000000000000000000
0x277b	0x20
0x2781	0x40
0x2786	0x64
0x278a	0x0
0x278d	0x0
0x278f	0x100
0x2792	0x1
0x2796	0xff
0x2798	0xff
0x2799	0xffffffffffffffffffffffffffffffffffffffffffffffffffffffffffffff00
0x279d	0x1
0x279e	0x0
0x279f	0x0
0x27a4	0x0
0x27a6	0x10
0x27a9	0x0
0x27aa	0x1
0x27ab	0x27b0
0x27b1	0x27bc
0x27b8	0x392c
0x27c0	0x1
0x27c2	0x0
0x27c5	0x100
0x27c8	0x1
0x27cc	0xff
0x27ce	0xff
0x27cf	0xffffffffffffffffffffffffffffffffffffffffffffffffffffffffffffff00
0x27d3	0x0
0x27d4	0x1
0x27d5	0x1
0x27e0	0xa
0x27e6	0x0
0x27e8	0x27f2
0x27ee	0x47a2
0x27f6	0x2834
0x27fa	0x40
0x27fe	0x40
0x2801	0x40
0x2805	0x16
0x2809	0x20
0x280c	0x6c6971756964617465426f72726f77206661696c656400000000000000000000
0x2830	0x1332
0x283a	0x0
0x283c	0x6
0x283e	0x0
0x2843	0x100
0x2846	0x1
0x2849	0xffffffffffffffffffffffffffffffffffffffff
0x285f	0xffffffffffffffffffffffffffffffffffffffff
0x2875	0xb8168816
0x287a	0x2881
0x287d	0x3f6f
0x2882	0xb
0x2885	0xc
0x2888	0x8
0x288b	0x40
0x288f	0xffffffff
0x2894	0xb8168816
0x2895	0xe0
0x2897	0xb816881600000000000000000000000000000000000000000000000000000000
0x289a	0x4
0x28a1	0x20
0x28a7	0x20
0x28ad	0x20
0x28b3	0x20
0x28bc	0x20
0x28be	0x40
0x28c3	0x84
0x28cb	0x28d3
0x28cf	0x0
0x28da	0x28e7
0x28df	0x0
0x28e4	0x0
0x28ec	0x40
0x28f0	0x20
0x28f5	0x28fd
0x28f9	0x0
0x2905	0x20
0x2914	0x0
0x2917	0x0
0x291c	0x100
0x291f	0x1
0x2922	0xff
0x2925	0x2996
0x2929	0x40
0x292c	0x8c379a000000000000000000000000000000000000000000000000000000000
0x294f	0x4
0x2954	0x20
0x2959	0x20
0x295c	0xa
0x2960	0x20
0x2964	0x72652d656e746572656400000000000000000000000000000000000000000000
0x2988	0x20
0x298e	0x40
0x2993	0x64
0x2997	0x0
0x299a	0x0
0x299c	0x100
0x299f	0x1
0x29a3	0xff
0x29a5	0xff
0x29a6	0xffffffffffffffffffffffffffffffffffffffffffffffffffffffffffffff00
0x29aa	0x1
0x29ab	0x0
0x29ac	0x0
0x29b1	0x29bc
0x29b8	0x4975
0x29bf	0x1
0x29c1	0x0
0x29c4	0x100
0x29c7	0x1
0x29cb	0xff
0x29cd	0xff
0x29ce	0xffffffffffffffffffffffffffffffffffffffffffffffffffffffffffffff00
0x29d2	0x0
0x29d3	0x1
0x29d4	0x1
0x29e0	0x0
0x29e2	0x3
0x29e4	0x1
0x29e9	0x100
0x29ec	0x100
0x29ef	0xffffffffffffffffffffffffffffffffffffffff
0x2a05	0xffffffffffffffffffffffffffffffffffffffff
0x2a1c	0xffffffffffffffffffffffffffffffffffffffff
0x2a33	0x2a49
0x2a37	0x2a42
0x2a3a	0x1
0x2a3c	0x2f
0x2a3e	0x33c0
0x2a45	0x2b59
0x2a4a	0x0
0x2a4c	0x4
0x2a4e	0x0
0x2a53	0x100
0x2a56	0x1
0x2a59	0xffffffffffffffffffffffffffffffffffffffff
0x2a72	0x4
0x2a74	0x0
0x2a76	0x100
0x2a79	0x1
0x2a7d	0xffffffffffffffffffffffffffffffffffffffff
0x2a92	0xffffffffffffffffffffffffffffffffffffffff
0x2a93	0xffffffffffffffffffffffff0000000000000000000000000000000000000000
0x2a97	0xffffffffffffffffffffffffffffffffffffffff
0x2ab2	0xca4f2f25d0898edd99413412fb94012f9e54ec8142f9b093e7720646a95b16a9
0x2ad5	0x40
0x2ada	0xffffffffffffffffffffffffffffffffffffffff
0x2af0	0xffffffffffffffffffffffffffffffffffffffff
0x2b08	0x20
0x2b0c	0xffffffffffffffffffffffffffffffffffffffff
0x2b22	0xffffffffffffffffffffffffffffffffffffffff
0x2b3a	0x20
0x2b41	0x40
0x2b46	0x40
0x2b49	0x0
0x2b4b	0x10
0x2b4e	0x0
0x2b4f	0x1
0x2b50	0x2b55
0x2b5f	0x0
0x2b62	0x0
0x2b67	0x100
0x2b6a	0x1
0x2b6d	0xff
0x2b70	0x2be1
0x2b74	0x40
0x2b77	0x8c379a000000000000000000000000000000000000000000000000000000000
0x2b9a	0x4
0x2b9f	0x20
0x2ba4	0x20
0x2ba7	0xa
0x2bab	0x20
0x2baf	0x72652d656e746572656400000000000000000000000000000000000000000000
0x2bd3	0x20
0x2bd9	0x40
0x2bde	0x64
0x2be2	0x0
0x2be5	0x0
0x2be7	0x100
0x2bea	0x1
0x2bee	0xff
0x2bf0	0xff
0x2bf1	0xffffffffffffffffffffffffffffffffffffffffffffffffffffffffffffff00
0x2bf5	0x1
0x2bf6	0x0
0x2bf7	0x0
0x2bfc	0x0
0x2bfe	0x10
0x2c01	0x0
0x2c02	0x1
0x2c03	0x2c08
0x2c09	0x2c10
0x2c0c	0x2470
0x2c12	0x2c83
0x2c16	0x40
0x2c19	0x8c379a000000000000000000000000000000000000000000000000000000000
0x2c3c	0x4
0x2c41	0x20
0x2c46	0x20
0x2c49	0x16
0x2c4d	0x20
0x2c51	0x61636372756520696e746572657374206661696c656400000000000000000000
0x2c75	0x20
0x2c7b	0x40
0x2c80	0x64
0x2c84	0x2c8b
0x2c87	0x195a
0x2cab	0x0
0x2cae	0x0
0x2cb1	0x0
0x2cb3	0xe
0x2cb5	0x0
0x2cb8	0xffffffffffffffffffffffffffffffffffffffff
0x2cce	0xffffffffffffffffffffffffffffffffffffffff
0x2ce6	0x20
0x2ce8	0x20
0x2cec	0x20
0x2cee	0x40
0x2cef	0x0
0x2cf5	0x0
0x2cf7	0x2cff
0x2cfb	0x4385
0x2d02	0x0
0x2d04	0x2d0b
0x2d07	0x38c2
0x2d0e	0x0
0x2d10	0x10
0x2d13	0x0
0x2d14	0x1
0x2d15	0x2d1a
0x2d30	0x0
0x2d32	0x2d3a
0x2d36	0x4e5e
0x2d42	0x0
0x2d44	0x2d4c
0x2d48	0x4f65
0x2d54	0x0
0x2d56	0xf
0x2d58	0x0
0x2d5b	0xffffffffffffffffffffffffffffffffffffffff
0x2d71	0xffffffffffffffffffffffffffffffffffffffff
0x2d89	0x20
0x2d8b	0x20
0x2d8f	0x20
0x2d91	0x40
0x2d92	0x0
0x2d95	0x0
0x2d98	0xffffffffffffffffffffffffffffffffffffffff
0x2dae	0xffffffffffffffffffffffffffffffffffffffff
0x2dc6	0x20
0x2dc8	0x20
0x2dcc	0x20
0x2dce	0x40
0x2dcf	0x0
0x2ddb	0x0
0x2ddd	0x2de6
0x2de2	0x506e
0x2dea	0x2e28
0x2dee	0x40
0x2df2	0x40
0x2df5	0x40
0x2df9	0x18
0x2dfd	0x20
0x2e00	0x7265706179426f72726f77426568616c66206661696c65640000000000000000
0x2e24	0x1332
0x314a	0x0
0x314d	0x3154
0x3150	0x2470
0x3157	0x0
0x3159	0x10
0x315c	0x0
0x315d	0x1
0x315e	0x3163
0x3166	0x3187
0x316a	0x317f
0x316e	0x10
0x3173	0x3178
0x3179	0x2a
0x317b	0x33c0
0x3183	0x3194
0x3188	0x3190
0x318c	0x441a
0x319a	0x6
0x319c	0x0
0x31a1	0x100
0x31a4	0x1
0x31a7	0xffffffffffffffffffffffffffffffffffffffff
0x31c0	0x3
0x31c2	0x1
0x31c7	0x100
0x31ca	0x100
0x31cd	0xffffffffffffffffffffffffffffffffffffffff
0x31e6	0x0
0x31e8	0x6
0x31ea	0x0
0x31ef	0x100
0x31f2	0x1
0x31f5	0xffffffffffffffffffffffffffffffffffffffff
0x320b	0xffffffffffffffffffffffffffffffffffffffff
0x3221	0x15f24053
0x3226	0x322d
0x3229	0x3f6f
0x322e	0xb
0x3231	0xc
0x3234	0x40
0x3238	0xffffffff
0x323d	0x15f24053
0x323e	0xe0
0x3240	0x15f2405300000000000000000000000000000000000000000000000000000000
0x3243	0x4
0x324a	0x20
0x3250	0x20
0x3256	0x20
0x325e	0x20
0x3260	0x40
0x3265	0x64
0x326d	0x3275
0x3271	0x0
0x327c	0x3289
0x3281	0x0
0x3286	0x0
0x328e	0x40
0x3292	0x20
0x3297	0x329f
0x329b	0x0
0x32a7	0x20
0x32b6	0x0
0x32b9	0x0
0x32be	0x100
0x32c1	0x1
0x32c4	0xff
0x32c7	0x3338
0x32cb	0x40
0x32ce	0x8c379a000000000000000000000000000000000000000000000000000000000
0x32f1	0x4
0x32f6	0x20
0x32fb	0x20
0x32fe	0xa
0x3302	0x20
0x3306	0x72652d656e746572656400000000000000000000000000000000000000000000
0x332a	0x20
0x3330	0x40
0x3335	0x64
0x3339	0x0
0x333c	0x0
0x333e	0x100
0x3341	0x1
0x3345	0xff
0x3347	0xff
0x3348	0xffffffffffffffffffffffffffffffffffffffffffffffffffffffffffffff00
0x334c	0x1
0x334d	0x0
0x334e	0x0
0x3353	0x0
0x3355	0x335c
0x3358	0x2470
0x335f	0x0
0x3361	0x10
0x3364	0x0
0x3365	0x1
0x3366	0x336b
0x336e	0x338f
0x3372	0x3387
0x3376	0x10
0x337b	0x3380
0x3381	0x30
0x3383	0x33c0
0x338b	0x339c
0x3390	0x3398
0x3394	0x5182
0x339d	0x1
0x339f	0x0
0x33a2	0x100
0x33a5	0x1
0x33a9	0xff
0x33ab	0xff
0x33ac	0xffffffffffffffffffffffffffffffffffffffffffffffffffffffffffffff00
0x33b0	0x0
0x33b1	0x1
0x33b2	0x1
0x33bc	0x1
0x33c1	0x0
0x33c3	0x45b96fe442630264581b197e84bbada861235052c5a1aadfff9ea4e40a969aa0
0x33e5	0x10
0x33ea	0x33ef
0x3435	0x0
0x3438	0x0
0x343a	0x5
0x343c	0x0
0x3441	0x100
0x3444	0x1
0x3447	0xffffffffffffffffffffffffffffffffffffffff
0x345d	0xffffffffffffffffffffffffffffffffffffffff
0x3473	0x4ef4c3e1
0x347b	0x40
0x347f	0xffffffff
0x3484	0x4ef4c3e1
0x3485	0xe0
0x3487	0x4ef4c3e100000000000000000000000000000000000000000000000000000000
0x348a	0x4
0x348f	0xffffffffffffffffffffffffffffffffffffffff
0x34a5	0xffffffffffffffffffffffffffffffffffffffff
0x34bd	0x20
0x34c1	0xffffffffffffffffffffffffffffffffffffffff
0x34d7	0xffffffffffffffffffffffffffffffffffffffff
0x34ef	0x20
0x34f5	0x20
0x34fd	0x20
0x34ff	0x40
0x3504	0x64
0x3506	0x0
0x350e	0x3516
0x3512	0x0
0x351d	0x352a
0x3522	0x0
0x3527	0x0
0x352f	0x40
0x3533	0x20
0x3538	0x3540
0x353c	0x0
0x3548	0x20
0x3554	0x0
0x3558	0x3577
0x355c	0x3568
0x355f	0x3
0x3561	0x15
0x3564	0x5295
0x3569	0x0
0x3573	0x75c2
0x3578	0x357f
0x357b	0x4412
0x3580	0x9
0x3584	0x35a2
0x3588	0x3593
0x358b	0xa
0x358d	0x16
0x358f	0x33c0
0x3594	0x0
0x359e	0x75e8
0x35a3	0x35aa
0x35a6	0x7286
0x35ab	0x35b2
0x35ae	0x38c2
0x35b4	0x40
0x35bc	0x35c5
0x35c1	0x5309
0x35c7	0xc0
0x35cf	0x35ee
0x35d3	0xc0
0x35d7	0x40
0x35db	0x20
0x35de	0x40
0x35e3	0x40
0x35ea	0x542a
0x35f0	0x60
0x35f8	0x3607
0x35fb	0xd
0x35ff	0x60
0x3603	0x4726
0x3609	0x80
0x3611	0x365d
0x3614	0xe
0x3616	0x0
0x3619	0xffffffffffffffffffffffffffffffffffffffff
0x362f	0xffffffffffffffffffffffffffffffffffffffff
0x3647	0x20
0x3649	0x20
0x364d	0x20
0x364f	0x40
0x3650	0x0
0x3655	0x60
0x3659	0x4726
0x365f	0xa0
0x3668	0x80
0x366c	0xd
0x3673	0xa0
0x3677	0xe
0x3679	0x0
0x367c	0xffffffffffffffffffffffffffffffffffffffff
0x3692	0xffffffffffffffffffffffffffffffffffffffff
0x36aa	0x20
0x36ac	0x20
0x36b0	0x20
0x36b2	0x40
0x36b3	0x0
0x36ba	0x4c209b5fc8ad50758f13e2e1088ba56a560dff690a1c6fef26394f4c03821c4f
0x36dd	0xc0
0x36e2	0x60
0x36e6	0x40
0x36eb	0xffffffffffffffffffffffffffffffffffffffff
0x3701	0xffffffffffffffffffffffffffffffffffffffff
0x3719	0x20
0x371f	0x20
0x3725	0x20
0x372d	0x40
0x3732	0x60
0x3736	0xffffffffffffffffffffffffffffffffffffffff
0x374d	0xffffffffffffffffffffffffffffffffffffffff
0x3763	0xddf252ad1be2c89b69c2b068fc378daa952ba7f163c4a11628f55a4df523b3ef
0x3785	0x60
0x3789	0x40
0x3790	0x20
0x3796	0x40
0x379b	0x20
0x379e	0x5
0x37a0	0x0
0x37a5	0x100
0x37a8	0x1
0x37ab	0xffffffffffffffffffffffffffffffffffffffff
0x37c1	0xffffffffffffffffffffffffffffffffffffffff
0x37d7	0x41c728b9
0x37df	0xc0
0x37e4	0x60
0x37e8	0x40
0x37ec	0xffffffff
0x37f1	0x41c728b9
0x37f2	0xe0
0x37f4	0x41c728b900000000000000000000000000000000000000000000000000000000
0x37f7	0x4
0x37fc	0xffffffffffffffffffffffffffffffffffffffff
0x3812	0xffffffffffffffffffffffffffffffffffffffff
0x382a	0x20
0x382e	0xffffffffffffffffffffffffffffffffffffffff
0x3844	0xffffffffffffffffffffffffffffffffffffffff
0x385c	0x20
0x3862	0x20
0x3868	0x20
0x3871	0x0
0x3873	0x40
0x3878	0x84
0x387a	0x0
0x3882	0x388a
0x3886	0x0
0x3891	0x389e
0x3896	0x0
0x389b	0x0
0x38a3	0x0
0x38a5	0x10
0x38a8	0x0
0x38a9	0x1
0x38aa	0x38af
0x38b1	0xc0
0x38c3	0x0
0x38c6	0xd
0x38cb	0x0
0x38d0	0x38de
0x38d4	0x7
0x38da	0x3929
0x38df	0x0
0x38e1	0x38e8
0x38e4	0x3f6f
0x38eb	0x0
0x38ed	0x3903
0x38f0	0x38fb
0x38f4	0xb
0x38f7	0x4726
0x38fc	0xc
0x38ff	0x46b0
0x3906	0x0
0x3908	0x391f
0x390c	0x40
0x3910	0x20
0x3913	0x40
0x391b	0x5452
0x392d	0x0
0x3930	0x5
0x3932	0x0
0x3937	0x100
0x393a	0x1
0x393d	0xffffffffffffffffffffffffffffffffffffffff
0x3953	0xffffffffffffffffffffffffffffffffffffffff
0x3969	0xbdcdc258
0x3972	0x40
0x3976	0xffffffff
0x397b	0xbdcdc258
0x397c	0xe0
0x397e	0xbdcdc25800000000000000000000000000000000000000000000000000000000
0x3981	0x4
0x3986	0xffffffffffffffffffffffffffffffffffffffff
0x399c	0xffffffffffffffffffffffffffffffffffffffff
0x39b4	0x20
0x39b8	0xffffffffffffffffffffffffffffffffffffffff
0x39ce	0xffffffffffffffffffffffffffffffffffffffff
0x39e6	0x20
0x39ea	0xffffffffffffffffffffffffffffffffffffffff
0x3a00	0xffffffffffffffffffffffffffffffffffffffff
0x3a18	0x20
0x3a1e	0x20
0x3a27	0x20
0x3a29	0x40
0x3a2e	0x84
0x3a30	0x0
0x3a38	0x3a40
0x3a3c	0x0
0x3a47	0x3a54
0x3a4c	0x0
0x3a51	0x0
0x3a59	0x40
0x3a5d	0x20
0x3a62	0x3a6a
0x3a66	0x0
0x3a72	0x20
0x3a7e	0x0
0x3a82	0x3a9a
0x3a86	0x3a92
0x3a89	0x3
0x3a8b	0x34
0x3a8e	0x5295
0x3a96	0x760e
0x3a9c	0xffffffffffffffffffffffffffffffffffffffff
0x3ab3	0xffffffffffffffffffffffffffffffffffffffff
0x3acb	0x3ae2
0x3acf	0x3ada
0x3ad2	0x2
0x3ad4	0x35
0x3ad6	0x33c0
0x3ade	0x7635
0x3ae3	0x0
0x3ae9	0xffffffffffffffffffffffffffffffffffffffff
0x3b00	0xffffffffffffffffffffffffffffffffffffffff
0x3b18	0x3b43
0x3b1c	0xffffffffffffffffffffffffffffffffffffffffffffffffffffffffffffffff
0x3b3f	0x3bc3
0x3b44	0xf
0x3b46	0x0
0x3b49	0xffffffffffffffffffffffffffffffffffffffff
0x3b5f	0xffffffffffffffffffffffffffffffffffffffff
0x3b77	0x20
0x3b79	0x20
0x3b7d	0x20
0x3b7f	0x40
0x3b80	0x0
0x3b83	0x0
0x3b86	0xffffffffffffffffffffffffffffffffffffffff
0x3b9c	0xffffffffffffffffffffffffffffffffffffffff
0x3bb4	0x20
0x3bb6	0x20
0x3bba	0x20
0x3bbc	0x40
0x3bbd	0x0
0x3bc4	0x0
0x3bc6	0x3bcf
0x3bcb	0x46b0
0x3bd2	0x0
0x3bd4	0x3c1c
0x3bd7	0xe
0x3bd9	0x0
0x3bdc	0xffffffffffffffffffffffffffffffffffffffff
0x3bf2	0xffffffffffffffffffffffffffffffffffffffff
0x3c0a	0x20
0x3c0c	0x20
0x3c10	0x20
0x3c12	0x40
0x3c13	0x0
0x3c18	0x46b0
0x3c1f	0x0
0x3c21	0x3c69
0x3c24	0xe
0x3c26	0x0
0x3c29	0xffffffffffffffffffffffffffffffffffffffff
0x3c3f	0xffffffffffffffffffffffffffffffffffffffff
0x3c57	0x20
0x3c59	0x20
0x3c5d	0x20
0x3c5f	0x40
0x3c60	0x0
0x3c65	0x4726
0x3c6d	0xe
0x3c6f	0x0
0x3c72	0xffffffffffffffffffffffffffffffffffffffff
0x3c88	0xffffffffffffffffffffffffffffffffffffffff
0x3ca0	0x20
0x3ca2	0x20
0x3ca6	0x20
0x3ca8	0x40
0x3ca9	0x0
0x3cb1	0xe
0x3cb3	0x0
0x3cb6	0xffffffffffffffffffffffffffffffffffffffff
0x3ccc	0xffffffffffffffffffffffffffffffffffffffff
0x3ce4	0x20
0x3ce6	0x20
0x3cea	0x20
0x3cec	0x40
0x3ced	0x0
0x3cf4	0xffffffffffffffffffffffffffffffffffffffffffffffffffffffffffffffff
0x3d17	0x3d9c
0x3d1c	0xf
0x3d1e	0x0
0x3d21	0xffffffffffffffffffffffffffffffffffffffff
0x3d37	0xffffffffffffffffffffffffffffffffffffffff
0x3d4f	0x20
0x3d51	0x20
0x3d55	0x20
0x3d57	0x40
0x3d58	0x0
0x3d5b	0x0
0x3d5e	0xffffffffffffffffffffffffffffffffffffffff
0x3d74	0xffffffffffffffffffffffffffffffffffffffff
0x3d8c	0x20
0x3d8e	0x20
0x3d92	0x20
0x3d94	0x40
0x3d95	0x0
0x3d9e	0xffffffffffffffffffffffffffffffffffffffff
0x3db5	0xffffffffffffffffffffffffffffffffffffffff
0x3dcb	0xddf252ad1be2c89b69c2b068fc378daa952ba7f163c4a11628f55a4df523b3ef
0x3ded	0x40
0x3df4	0x20
0x3dfa	0x40
0x3dff	0x20
0x3e02	0x5
0x3e04	0x0
0x3e09	0x100
0x3e0c	0x1
0x3e0f	0xffffffffffffffffffffffffffffffffffffffff
0x3e25	0xffffffffffffffffffffffffffffffffffffffff
0x3e3b	0x6a56947e
0x3e44	0x40
0x3e48	0xffffffff
0x3e4d	0x6a56947e
0x3e4e	0xe0
0x3e50	0x6a56947e00000000000000000000000000000000000000000000000000000000
0x3e53	0x4
0x3e58	0xffffffffffffffffffffffffffffffffffffffff
0x3e6e	0xffffffffffffffffffffffffffffffffffffffff
0x3e86	0x20
0x3e8a	0xffffffffffffffffffffffffffffffffffffffff
0x3ea0	0xffffffffffffffffffffffffffffffffffffffff
0x3eb8	0x20
0x3ebc	0xffffffffffffffffffffffffffffffffffffffff
0x3ed2	0xffffffffffffffffffffffffffffffffffffffff
0x3eea	0x20
0x3ef0	0x20
0x3ef9	0x0
0x3efb	0x40
0x3f00	0x84
0x3f02	0x0
0x3f0a	0x3f12
0x3f0e	0x0
0x3f19	0x3f26
0x3f1e	0x0
0x3f23	0x0
0x3f2b	0x0
0x3f2d	0x10
0x3f30	0x0
0x3f31	0x1
0x3f32	0x3f37
0x3f48	0x0
0x3f4a	0x3f51
0x3f4d	0x71f3
0x3f52	0x3f5b
0x3f57	0x46fa
0x3f5e	0x3f66
0x3f62	0x547b
0x3f70	0x0
0x3f73	0x0
0x3f75	0x3f7e
0x3f7a	0x549a
0x3f83	0x0
0x3f85	0x3
0x3f88	0x0
0x3f89	0x1
0x3f8a	0x3f8f
0x3f91	0x3
0x3f96	0x3f9b
0x3f9d	0x3fa5
0x3fa1	0x0
0x40c0	0x0
0x40c3	0x3
0x40c5	0x1
0x40ca	0x100
0x40cd	0x100
0x40d0	0xffffffffffffffffffffffffffffffffffffffff
0x40e6	0xffffffffffffffffffffffffffffffffffffffff
0x40fd	0xffffffffffffffffffffffffffffffffffffffff
0x4114	0x412b
0x4118	0x4123
0x411b	0x1
0x411d	0x1e
0x411f	0x33c0
0x4127	0x765c
0x412c	0x4133
0x412f	0x4412
0x4134	0x9
0x4138	0x414f
0x413c	0x4147
0x413f	0xa
0x4141	0x20
0x4143	0x33c0
0x414b	0x7680
0x4151	0x4158
0x4154	0x3f6f
0x415b	0x4172
0x415f	0x416a
0x4162	0xe
0x4164	0x1f
0x4166	0x33c0
0x416e	0x76a4
0x4173	0xc
0x4179	0x4190
0x417d	0x4188
0x4180	0x2
0x4182	0x21
0x4184	0x33c0
0x418c	0x76c8
0x4191	0x419c
0x4194	0xc
0x4198	0x46b0
0x41a0	0xc
0x41a6	0x41d1
0x41a9	0x3
0x41ab	0x1
0x41b0	0x100
0x41b3	0x100
0x41b6	0xffffffffffffffffffffffffffffffffffffffff
0x41cd	0x5a12
0x41d2	0x3bad0c59cf2f06e7314077049f48a93578cd16f5ef92329f1dab1420a99c177e
0x41f3	0x3
0x41f5	0x1
0x41fa	0x100
0x41fd	0x100
0x4200	0xffffffffffffffffffffffffffffffffffffffff
0x4218	0x40
0x421d	0xffffffffffffffffffffffffffffffffffffffff
0x4233	0xffffffffffffffffffffffffffffffffffffffff
0x424b	0x20
0x4251	0x20
0x4257	0x20
0x425f	0x40
0x4264	0x60
0x4267	0x0
0x4269	0x10
0x426c	0x0
0x426d	0x1
0x426e	0x4273
0x4386	0x0
0x4389	0x10
0x438b	0x0
0x438e	0xffffffffffffffffffffffffffffffffffffffff
0x43a4	0xffffffffffffffffffffffffffffffffffffffff
0x43bc	0x20
0x43be	0x20
0x43c2	0x20
0x43c4	0x40
0x43c5	0x0
0x43ca	0x0
0x43cd	0x0
0x43d3	0x43e0
0x43d7	0x0
0x43dc	0x440d
0x43e1	0x0
0x43e3	0x43f2
0x43e7	0x0
0x43eb	0xa
0x43ee	0x5fa5
0x43f5	0x0
0x43f7	0x4404
0x43fc	0x1
0x4400	0x5fef
0x441b	0x0
0x441e	0x3
0x4420	0x1
0x4425	0x100
0x4428	0x100
0x442b	0xffffffffffffffffffffffffffffffffffffffff
0x4441	0xffffffffffffffffffffffffffffffffffffffff
0x4458	0xffffffffffffffffffffffffffffffffffffffff
0x446f	0x4486
0x4473	0x447e
0x4476	0x1
0x4478	0x2c
0x447a	0x33c0
0x4482	0x76ec
0x4487	0x448e
0x448a	0x4412
0x448f	0x9
0x4493	0x44aa
0x4497	0x44a2
0x449a	0xa
0x449c	0x2b
0x449e	0x33c0
0x44a6	0x7710
0x44ab	0x6
0x44ad	0x0
0x44b2	0x100
0x44b5	0x1
0x44b8	0xffffffffffffffffffffffffffffffffffffffff
0x44d1	0xffffffffffffffffffffffffffffffffffffffff
0x44e7	0x2191f92a
0x44ec	0x40
0x44f0	0xffffffff
0x44f5	0x2191f92a
0x44f6	0xe0
0x44f8	0x2191f92a00000000000000000000000000000000000000000000000000000000
0x44fb	0x4
0x44fe	0x20
0x4500	0x40
0x4505	0x4
0x450d	0x4515
0x4511	0x0
0x451c	0x4529
0x4521	0x0
0x4526	0x0
0x452e	0x40
0x4532	0x20
0x4537	0x453f
0x453b	0x0
0x4547	0x20
0x4551	0x45c2
0x4555	0x40
0x4558	0x8c379a000000000000000000000000000000000000000000000000000000000
0x457b	0x4
0x4580	0x20
0x4585	0x20
0x4588	0x1c
0x458c	0x20
0x4590	0x6d61726b6572206d6574686f642072657475726e65642066616c736500000000
0x45b4	0x20
0x45ba	0x40
0x45bf	0x64
0x45c4	0x6
0x45c6	0x0
0x45c8	0x100
0x45cb	0x1
0x45cf	0xffffffffffffffffffffffffffffffffffffffff
0x45e4	0xffffffffffffffffffffffffffffffffffffffff
0x45e5	0xffffffffffffffffffffffff0000000000000000000000000000000000000000
0x45e9	0xffffffffffffffffffffffffffffffffffffffff
0x4604	0xedffc32e068c7c95dfd4bdfd5c4d939a084d6b11c4199eac8436ed234d72f926
0x4627	0x40
0x462c	0xffffffffffffffffffffffffffffffffffffffff
0x4642	0xffffffffffffffffffffffffffffffffffffffff
0x465a	0x20
0x465e	0xffffffffffffffffffffffffffffffffffffffff
0x4674	0xffffffffffffffffffffffffffffffffffffffff
0x468c	0x20
0x4693	0x40
0x4698	0x40
0x469b	0x0
0x469d	0x10
0x46a0	0x0
0x46a1	0x1
0x46a2	0x46a7
0x46b1	0x0
0x46b3	0x46f2
0x46b8	0x40
0x46bc	0x40
0x46bf	0x40
0x46c3	0x15
0x46c7	0x20
0x46ca	0x7375627472616374696f6e20756e646572666c6f770000000000000000000000
0x46ee	0x6039
0x4727	0x0
0x4729	0x4768
0x472e	0x40
0x4732	0x40
0x4735	0x40
0x4739	0x11
0x473d	0x20
0x4740	0x6164646974696f6e206f766572666c6f77000000000000000000000000000000
0x4764	0x60f3
0x4771	0x0
0x4773	0x477a
0x4776	0x71f3
0x477b	0x4784
0x4780	0x46fa
0x4787	0x4798
0x478a	0x4792
0x478e	0x547b
0x4794	0x4726
0x4976	0x0
0x4979	0x5
0x497b	0x0
0x4980	0x100
0x4983	0x1
0x4986	0xffffffffffffffffffffffffffffffffffffffff
0x499c	0xffffffffffffffffffffffffffffffffffffffff
0x49b2	0xd02f7351
0x49bc	0x40
0x49c0	0xffffffff
0x49c5	0xd02f7351
0x49c6	0xe0
0x49c8	0xd02f735100000000000000000000000000000000000000000000000000000000
0x49cb	0x4
0x49d0	0xffffffffffffffffffffffffffffffffffffffff
0x49e6	0xffffffffffffffffffffffffffffffffffffffff
0x49fe	0x20
0x4a02	0xffffffffffffffffffffffffffffffffffffffff
0x4a18	0xffffffffffffffffffffffffffffffffffffffff
0x4a30	0x20
0x4a34	0xffffffffffffffffffffffffffffffffffffffff
0x4a4a	0xffffffffffffffffffffffffffffffffffffffff
0x4a62	0x20
0x4a66	0xffffffffffffffffffffffffffffffffffffffff
0x4a7c	0xffffffffffffffffffffffffffffffffffffffff
0x4a94	0x20
0x4a9a	0x20
0x4aa4	0x20
0x4aa6	0x40
0x4aab	0xa4
0x4aad	0x0
0x4ab5	0x4abd
0x4ab9	0x0
0x4ac4	0x4ad1
0x4ac9	0x0
0x4ace	0x0
0x4ad6	0x40
0x4ada	0x20
0x4adf	0x4ae7
0x4ae3	0x0
0x4aef	0x20
0x4afb	0x0
0x4aff	0x4b17
0x4b03	0x4b0f
0x4b06	0x3
0x4b08	0x11
0x4b0b	0x5295
0x4b13	0x7734
0x4b19	0xffffffffffffffffffffffffffffffffffffffff
0x4b30	0xffffffffffffffffffffffffffffffffffffffff
0x4b48	0x4b5f
0x4b4c	0x4b57
0x4b4f	0x6
0x4b51	0x12
0x4b53	0x33c0
0x4b5b	0x775b
0x4b60	0x0
0x4b62	0x4baa
0x4b65	0xe
0x4b67	0x0
0x4b6a	0xffffffffffffffffffffffffffffffffffffffff
0x4b80	0xffffffffffffffffffffffffffffffffffffffff
0x4b98	0x20
0x4b9a	0x20
0x4b9e	0x20
0x4ba0	0x40
0x4ba1	0x0
0x4ba6	0x46b0
0x4bad	0x0
0x4baf	0x4bf7
0x4bb2	0xe
0x4bb4	0x0
0x4bb7	0xffffffffffffffffffffffffffffffffffffffff
0x4bcd	0xffffffffffffffffffffffffffffffffffffffff
0x4be5	0x20
0x4be7	0x20
0x4beb	0x20
0x4bed	0x40
0x4bee	0x0
0x4bf3	0x4726
0x4bfb	0xe
0x4bfd	0x0
0x4c00	0xffffffffffffffffffffffffffffffffffffffff
0x4c16	0xffffffffffffffffffffffffffffffffffffffff
0x4c2e	0x20
0x4c30	0x20
0x4c34	0x20
0x4c36	0x40
0x4c37	0x0
0x4c3f	0xe
0x4c41	0x0
0x4c44	0xffffffffffffffffffffffffffffffffffffffff
0x4c5a	0xffffffffffffffffffffffffffffffffffffffff
0x4c72	0x20
0x4c74	0x20
0x4c78	0x20
0x4c7a	0x40
0x4c7b	0x0
0x4c83	0xffffffffffffffffffffffffffffffffffffffff
0x4c9a	0xffffffffffffffffffffffffffffffffffffffff
0x4cb0	0xddf252ad1be2c89b69c2b068fc378daa952ba7f163c4a11628f55a4df523b3ef
0x4cd2	0x40
0x4cd9	0x20
0x4cdf	0x40
0x4ce4	0x20
0x4ce7	0x5
0x4ce9	0x0
0x4cee	0x100
0x4cf1	0x1
0x4cf4	0xffffffffffffffffffffffffffffffffffffffff
0x4d0a	0xffffffffffffffffffffffffffffffffffffffff
0x4d20	0x6d35bf91
0x4d2a	0x40
0x4d2e	0xffffffff
0x4d33	0x6d35bf91
0x4d34	0xe0
0x4d36	0x6d35bf9100000000000000000000000000000000000000000000000000000000
0x4d39	0x4
0x4d3e	0xffffffffffffffffffffffffffffffffffffffff
0x4d54	0xffffffffffffffffffffffffffffffffffffffff
0x4d6c	0x20
0x4d70	0xffffffffffffffffffffffffffffffffffffffff
0x4d86	0xffffffffffffffffffffffffffffffffffffffff
0x4d9e	0x20
0x4da2	0xffffffffffffffffffffffffffffffffffffffff
0x4db8	0xffffffffffffffffffffffffffffffffffffffff
0x4dd0	0x20
0x4dd4	0xffffffffffffffffffffffffffffffffffffffff
0x4dea	0xffffffffffffffffffffffffffffffffffffffff
0x4e02	0x20
0x4e08	0x20
0x4e12	0x0
0x4e14	0x40
0x4e19	0xa4
0x4e1b	0x0
0x4e23	0x4e2b
0x4e27	0x0
0x4e32	0x4e3f
0x4e37	0x0
0x4e3c	0x0
0x4e44	0x0
0x4e46	0x10
0x4e49	0x0
0x4e4a	0x1
0x4e4b	0x4e50
0x5183	0x0
0x5185	0x3
0x5187	0x1
0x518c	0x100
0x518f	0x100
0x5192	0xffffffffffffffffffffffffffffffffffffffff
0x51a8	0xffffffffffffffffffffffffffffffffffffffff
0x51bf	0xffffffffffffffffffffffffffffffffffffffff
0x51d6	0x51ec
0x51da	0x51e5
0x51dd	0x1
0x51df	0x31
0x51e1	0x33c0
0x51e8	0x7782
0x51ed	0x51f4
0x51f0	0x4412
0x51f5	0x9
0x51f9	0x520f
0x51fd	0x5208
0x5200	0xa
0x5202	0x32
0x5204	0x33c0
0x520b	0x77a6
0x5210	0xde0b6b3a7640000
0x521c	0x5232
0x5220	0x522b
0x5223	0x2
0x5225	0x33
0x5227	0x33c0
0x522e	0x77ca
0x5233	0x0
0x5235	0x8
0x523b	0x8
0x5241	0xaaa68312e2ea9d50e16af5068410ab56e1a1fd06037b1a35664812c30f821460
0x5264	0x40
0x526b	0x20
0x5271	0x20
0x5278	0x40
0x527d	0x40
0x5280	0x0
0x5282	0x10
0x5285	0x0
0x5286	0x1
0x5287	0x528c
0x5296	0x0
0x5298	0x45b96fe442630264581b197e84bbada861235052c5a1aadfff9ea4e40a969aa0
0x52ba	0x10
0x52bf	0x52c4
0x52c6	0x38
0x52cb	0x52d0
0x52d2	0x40
0x52d9	0x20
0x52df	0x20
0x52e5	0x20
0x52ed	0x40
0x52f2	0x60
0x52f6	0x10
0x52fb	0x5300
0x530a	0x0
0x530d	0xffffffffffffffffffffffffffffffffffffffff
0x5324	0xffffffffffffffffffffffffffffffffffffffff
0x533b	0x53ac
0x533f	0x40
0x5342	0x8c379a000000000000000000000000000000000000000000000000000000000
0x5365	0x4
0x536a	0x20
0x536f	0x20
0x5372	0xf
0x5376	0x20
0x537a	0x73656e646572206d69736d617463680000000000000000000000000000000000
0x539e	0x20
0x53a4	0x40
0x53a9	0x64
0x53b0	0x5421
0x53b4	0x40
0x53b7	0x8c379a000000000000000000000000000000000000000000000000000000000
0x53da	0x4
0x53df	0x20
0x53e4	0x20
0x53e7	0xe
0x53eb	0x20
0x53ef	0x76616c7565206d69736d61746368000000000000000000000000000000000000
0x5413	0x20
0x5419	0x40
0x541e	0x64
0x542b	0x0
0x542d	0x5434
0x5430	0x71f3
0x5435	0x543e
0x543a	0x700f
0x5441	0x5449
0x5445	0x547b
0x54c6	0x0
0x54c9	0x0
0x54cb	0x5
0x54cd	0x0
0x54d2	0x100
0x54d5	0x1
0x54d8	0xffffffffffffffffffffffffffffffffffffffff
0x54ee	0xffffffffffffffffffffffffffffffffffffffff
0x5504	0x24008a62
0x550d	0x40
0x5511	0xffffffff
0x5516	0x24008a62
0x5517	0xe0
0x5519	0x24008a6200000000000000000000000000000000000000000000000000000000
0x551c	0x4
0x5521	0xffffffffffffffffffffffffffffffffffffffff
0x5537	0xffffffffffffffffffffffffffffffffffffffff
0x554f	0x20
0x5553	0xffffffffffffffffffffffffffffffffffffffff
0x5569	0xffffffffffffffffffffffffffffffffffffffff
0x5581	0x20
0x5585	0xffffffffffffffffffffffffffffffffffffffff
0x559b	0xffffffffffffffffffffffffffffffffffffffff
0x55b3	0x20
0x55b9	0x20
0x55c2	0x20
0x55c4	0x40
0x55c9	0x84
0x55cb	0x0
0x55d3	0x55db
0x55d7	0x0
0x55e2	0x55ef
0x55e7	0x0
0x55ec	0x0
0x55f4	0x40
0x55f8	0x20
0x55fd	0x5605
0x5601	0x0
0x560d	0x20
0x5619	0x0
0x561d	0x563c
0x5621	0x562d
0x5624	0x3
0x5626	0x24
0x5629	0x5295
0x562e	0x0
0x5638	0x77ee
0x563d	0x5644
0x5640	0x4412
0x5645	0x9
0x5649	0x5667
0x564d	0x5658
0x5650	0xa
0x5652	0x25
0x5654	0x33c0
0x5659	0x0
0x5663	0x7815
0x5668	0x566f
0x566b	0x72d9
0x5670	0x10
0x5672	0x0
0x5675	0xffffffffffffffffffffffffffffffffffffffff
0x568b	0xffffffffffffffffffffffffffffffffffffffff
0x56a3	0x20
0x56a5	0x20
0x56a9	0x20
0x56ab	0x40
0x56ac	0x0
0x56af	0x1
0x56b4	0x60
0x56bc	0x56c4
0x56c0	0x4385
0x56c6	0x80
0x56ce	0xffffffffffffffffffffffffffffffffffffffffffffffffffffffffffffffff
0x56f2	0x5708
0x56f7	0x80
0x56fc	0x40
0x5704	0x5713
0x570b	0x40
0x5714	0x5721
0x5719	0x40
0x571d	0x5309
0x5723	0xe0
0x572b	0x573c
0x572f	0x80
0x5734	0xe0
0x5738	0x46b0
0x573e	0xa0
0x5746	0x5755
0x5749	0xb
0x574d	0xe0
0x5751	0x46b0
0x5757	0xc0
0x5760	0xa0
0x5764	0x10
0x5766	0x0
0x5769	0xffffffffffffffffffffffffffffffffffffffff
0x577f	0xffffffffffffffffffffffffffffffffffffffff
0x5797	0x20
0x5799	0x20
0x579d	0x20
0x579f	0x40
0x57a0	0x0
0x57a3	0x0
0x57aa	0xa
0x57ad	0x10
0x57af	0x0
0x57b2	0xffffffffffffffffffffffffffffffffffffffff
0x57c8	0xffffffffffffffffffffffffffffffffffffffff
0x57e0	0x20
0x57e2	0x20
0x57e6	0x20
0x57e8	0x40
0x57e9	0x0
0x57ec	0x1
0x57f4	0xc0
0x57f8	0xb
0x57fe	0x1a2a22cb034d26d1854bdc6666a5b91fe25efbbb5dcad3b0355478d6f5c362a1
0x5822	0xe0
0x5827	0xa0
0x582c	0xc0
0x5830	0x40
0x5835	0xffffffffffffffffffffffffffffffffffffffff
0x584b	0xffffffffffffffffffffffffffffffffffffffff
0x5863	0x20
0x5867	0xffffffffffffffffffffffffffffffffffffffff
0x587d	0xffffffffffffffffffffffffffffffffffffffff
0x5895	0x20
0x589b	0x20
0x58a1	0x20
0x58a7	0x20
0x58b1	0x40
0x58b6	0xa0
0x58b9	0x5
0x58bb	0x0
0x58c0	0x100
0x58c3	0x1
0x58c6	0xffffffffffffffffffffffffffffffffffffffff
0x58dc	0xffffffffffffffffffffffffffffffffffffffff
0x58f2	0x1ededc91
0x58fb	0xe0
0x5900	0x60
0x5904	0x40
0x5908	0xffffffff
0x590d	0x1ededc91
0x590e	0xe0
0x5910	0x1ededc9100000000000000000000000000000000000000000000000000000000
0x5913	0x4
0x5918	0xffffffffffffffffffffffffffffffffffffffff
0x592e	0xffffffffffffffffffffffffffffffffffffffff
0x5946	0x20
0x594a	0xffffffffffffffffffffffffffffffffffffffff
0x5960	0xffffffffffffffffffffffffffffffffffffffff
0x5978	0x20
0x597c	0xffffffffffffffffffffffffffffffffffffffff
0x5992	0xffffffffffffffffffffffffffffffffffffffff
0x59aa	0x20
0x59b0	0x20
0x59b6	0x20
0x59c0	0x0
0x59c2	0x40
0x59c7	0xa4
0x59c9	0x0
0x59d1	0x59d9
0x59d5	0x0
0x59e0	0x59ed
0x59e5	0x0
0x59ea	0x0
0x59f2	0x0
0x59f4	0x10
0x59f7	0x0
0x59f8	0x1
0x59f9	0x59fe
0x5a00	0xe0
0x5a5e	0x0
0x5a64	0x5a6d
0x5a69	0x0
0x5a6e	0x5ac2
0x5a72	0x40
0x5a75	0x8c379a000000000000000000000000000000000000000000000000000000000
0x5a98	0x4
0x5a9d	0x20
0x5aa2	0x20
0x5aa5	0x34
0x5aa9	0x20
0x5aad	0x74ac
0x5ab0	0x34
0x5ab4	0x40
0x5aba	0x40
0x5abf	0x84
0x5ac3	0x5aca
0x5ac6	0x7334
0x5acb	0x5ad2
0x5ace	0x38c2
0x5ad4	0x40
0x5adc	0x0
0x5ae1	0x5b18
0x5ae7	0x60
0x5aef	0x5b0a
0x5af2	0x40
0x5af6	0x20
0x5af9	0x40
0x5afe	0x40
0x5b06	0x3f47
0x5b0c	0x80
0x5b14	0x5b48
0x5b19	0x5b34
0x5b1d	0x40
0x5b21	0x20
0x5b24	0x40
0x5b29	0x40
0x5b30	0x542a
0x5b36	0x60
0x5b40	0x80
0x5b49	0x0
0x5b4b	0x5
0x5b4d	0x0
0x5b52	0x100
0x5b55	0x1
0x5b58	0xffffffffffffffffffffffffffffffffffffffff
0x5b6e	0xffffffffffffffffffffffffffffffffffffffff
0x5b84	0xeabe7d91
0x5b8c	0x60
0x5b90	0x40
0x5b94	0xffffffff
0x5b99	0xeabe7d91
0x5b9a	0xe0
0x5b9c	0xeabe7d9100000000000000000000000000000000000000000000000000000000
0x5b9f	0x4
0x5ba4	0xffffffffffffffffffffffffffffffffffffffff
0x5bba	0xffffffffffffffffffffffffffffffffffffffff
0x5bd2	0x20
0x5bd6	0xffffffffffffffffffffffffffffffffffffffff
0x5bec	0xffffffffffffffffffffffffffffffffffffffff
0x5c04	0x20
0x5c0a	0x20
0x5c12	0x20
0x5c14	0x40
0x5c19	0x64
0x5c1b	0x0
0x5c23	0x5c2b
0x5c27	0x0
0x5c32	0x5c3f
0x5c37	0x0
0x5c3c	0x0
0x5c44	0x40
0x5c48	0x20
0x5c4d	0x5c55
0x5c51	0x0
0x5c5d	0x20
0x5c69	0x0
0x5c6d	0x5c86
0x5c71	0x5c7d
0x5c74	0x3
0x5c76	0x1a
0x5c79	0x5295
0x5c82	0x783c
0x5c87	0x5c8e
0x5c8a	0x4412
0x5c8f	0x9
0x5c93	0x5cab
0x5c97	0x5ca2
0x5c9a	0xa
0x5c9c	0x1b
0x5c9e	0x33c0
0x5ca7	0x7862
0x5cac	0x5cbb
0x5caf	0xd
0x5cb3	0x60
0x5cb7	0x46b0
0x5cbd	0xa0
0x5cc5	0x5d11
0x5cc8	0xe
0x5cca	0x0
0x5ccd	0xffffffffffffffffffffffffffffffffffffffff
0x5ce3	0xffffffffffffffffffffffffffffffffffffffff
0x5cfb	0x20
0x5cfd	0x20
0x5d01	0x20
0x5d03	0x40
0x5d04	0x0
0x5d09	0x60
0x5d0d	0x46b0
0x5d13	0xc0
0x5d1c	0x80
0x5d20	0x5d27
0x5d23	0x3f6f
0x5d2a	0x5d42
0x5d2e	0x5d39
0x5d31	0xe
0x5d33	0x1c
0x5d35	0x33c0
0x5d3e	0x7888
0x5d43	0x5d50
0x5d48	0x80
0x5d4c	0x5a12
0x5d52	0xa0
0x5d56	0xd
0x5d5d	0xc0
0x5d61	0xe
0x5d63	0x0
0x5d66	0xffffffffffffffffffffffffffffffffffffffff
0x5d7c	0xffffffffffffffffffffffffffffffffffffffff
0x5d94	0x20
0x5d96	0x20
0x5d9a	0x20
0x5d9c	0x40
0x5d9d	0x0
0x5da5	0xffffffffffffffffffffffffffffffffffffffff
0x5dbc	0xffffffffffffffffffffffffffffffffffffffff
0x5dd2	0xddf252ad1be2c89b69c2b068fc378daa952ba7f163c4a11628f55a4df523b3ef
0x5df4	0x60
0x5df8	0x40
0x5dff	0x20
0x5e05	0x40
0x5e0a	0x20
0x5e0d	0xe5b754fb1abb7f01b499791d0b820ae3b6af3424ac1c59768edb53f4ec31a929
0x5e30	0x80
0x5e35	0x60
0x5e39	0x40
0x5e3e	0xffffffffffffffffffffffffffffffffffffffff
0x5e54	0xffffffffffffffffffffffffffffffffffffffff
0x5e6c	0x20
0x5e72	0x20
0x5e78	0x20
0x5e80	0x40
0x5e85	0x60
0x5e88	0x5
0x5e8a	0x0
0x5e8f	0x100
0x5e92	0x1
0x5e95	0xffffffffffffffffffffffffffffffffffffffff
0x5eab	0xffffffffffffffffffffffffffffffffffffffff
0x5ec1	0x51dff989
0x5ec9	0x80
0x5ece	0x60
0x5ed2	0x40
0x5ed6	0xffffffff
0x5edb	0x51dff989
0x5edc	0xe0
0x5ede	0x51dff98900000000000000000000000000000000000000000000000000000000
0x5ee1	0x4
0x5ee6	0xffffffffffffffffffffffffffffffffffffffff
0x5efc	0xffffffffffffffffffffffffffffffffffffffff
0x5f14	0x20
0x5f18	0xffffffffffffffffffffffffffffffffffffffff
0x5f2e	0xffffffffffffffffffffffffffffffffffffffff
0x5f46	0x20
0x5f4c	0x20
0x5f52	0x20
0x5f5b	0x0
0x5f5d	0x40
0x5f62	0x84
0x5f64	0x0
0x5f6c	0x5f74
0x5f70	0x0
0x5f7b	0x5f88
0x5f80	0x0
0x5f85	0x0
0x5f8d	0x0
0x5f8f	0x10
0x5f92	0x0
0x5f93	0x1
0x5f94	0x5f99
0x5fa6	0x0
0x5fa8	0x5fe7
0x5fad	0x40
0x5fb1	0x40
0x5fb4	0x40
0x5fb8	0x17
0x5fbc	0x20
0x5fbf	0x6d756c7469706c69636174696f6e206f766572666c6f77000000000000000000
0x5fe3	0x704e
0x5ff0	0x0
0x5ff2	0x6031
0x5ff7	0x40
0x5ffb	0x40
0x5ffe	0x40
0x6002	0xe
0x6006	0x20
0x6009	0x646976696465206279207a65726f000000000000000000000000000000000000
0x602d	0x7133
0x603a	0x0
0x6042	0x60e6
0x6046	0x40
0x6049	0x8c379a000000000000000000000000000000000000000000000000000000000
0x606c	0x4
0x6071	0x20
0x6076	0x20
0x607c	0x15
0x607f	0x20
0x6085	0x15
0x6087	0x20
0x608e	0x0
0x6095	0x60ab
0x60a1	0x20
0x60a7	0x6090
0x60b6	0x1f
0x60b8	0x15
0x60bb	0x60d8
0x60c4	0x1
0x60c7	0x20
0x60c9	0xb
0x60ca	0x100
0x60cd	0x10000000000000000000000
0x60ce	0xffffffffffffffffffffff
0x60d3	0x20
0x60de	0x40
0x61b3	0x0
0x61b6	0x0
0x61b8	0x5
0x61ba	0x0
0x61bf	0x100
0x61c2	0x1
0x61c5	0xffffffffffffffffffffffffffffffffffffffff
0x61db	0xffffffffffffffffffffffffffffffffffffffff
0x61f1	0x5fc7e71e
0x61fb	0x40
0x61ff	0xffffffff
0x6204	0x5fc7e71e
0x6205	0xe0
0x6207	0x5fc7e71e00000000000000000000000000000000000000000000000000000000
0x620a	0x4
0x620f	0xffffffffffffffffffffffffffffffffffffffff
0x6225	0xffffffffffffffffffffffffffffffffffffffff
0x623d	0x20
0x6241	0xffffffffffffffffffffffffffffffffffffffff
0x6257	0xffffffffffffffffffffffffffffffffffffffff
0x626f	0x20
0x6273	0xffffffffffffffffffffffffffffffffffffffff
0x6289	0xffffffffffffffffffffffffffffffffffffffff
0x62a1	0x20
0x62a5	0xffffffffffffffffffffffffffffffffffffffff
0x62bb	0xffffffffffffffffffffffffffffffffffffffff
0x62d3	0x20
0x62d9	0x20
0x62e3	0x20
0x62e5	0x40
0x62ea	0xa4
0x62ec	0x0
0x62f4	0x62fc
0x62f8	0x0
0x6303	0x6310
0x6308	0x0
0x630d	0x0
0x6315	0x40
0x6319	0x20
0x631e	0x6326
0x6322	0x0
0x632e	0x20
0x633a	0x0
0x633e	0x635d
0x6342	0x634e
0x6345	0x3
0x6347	0xa
0x634a	0x5295
0x634f	0x0
0x6359	0x78ae
0x635e	0x6365
0x6361	0x4412
0x6366	0x9
0x636a	0x6388
0x636e	0x6379
0x6371	0xa
0x6373	0xe
0x6375	0x33c0
0x637a	0x0
0x6384	0x78d6
0x6389	0x6390
0x638c	0x4412
0x6392	0xffffffffffffffffffffffffffffffffffffffff
0x63a8	0x6c540baf
0x63ad	0x40
0x63b1	0xffffffff
0x63b6	0x6c540baf
0x63b7	0xe0
0x63b9	0x6c540baf00000000000000000000000000000000000000000000000000000000
0x63bc	0x4
0x63bf	0x20
0x63c1	0x40
0x63c6	0x4
0x63ce	0x63d6
0x63d2	0x0
0x63dd	0x63ea
0x63e2	0x0
0x63e7	0x0
0x63ef	0x40
0x63f3	0x20
0x63f8	0x6400
0x63fc	0x0
0x6408	0x20
0x6413	0x6431
0x6417	0x6422
0x641a	0xa
0x641c	0x9
0x641e	0x33c0
0x6423	0x0
0x642d	0x78fe
0x6433	0xffffffffffffffffffffffffffffffffffffffff
0x644a	0xffffffffffffffffffffffffffffffffffffffff
0x6462	0x6480
0x6466	0x6471
0x6469	0x6
0x646b	0xf
0x646d	0x33c0
0x6472	0x0
0x647c	0x7926
0x6481	0x0
0x6486	0x64a4
0x648a	0x6495
0x648d	0x7
0x648f	0xd
0x6491	0x33c0
0x6496	0x0
0x64a0	0x794e
0x64a5	0xffffffffffffffffffffffffffffffffffffffffffffffffffffffffffffffff
0x64c9	0x64e7
0x64cd	0x64d8
0x64d0	0x7
0x64d2	0xc
0x64d4	0x33c0
0x64d9	0x0
0x64e3	0x7976
0x64e8	0x0
0x64eb	0x64f5
0x64f1	0x54c5
0x64fa	0x0
0x64fc	0x10
0x64ff	0x0
0x6500	0x1
0x6501	0x6506
0x6509	0x6533
0x650d	0x6522
0x6511	0x10
0x6516	0x651b
0x651c	0x10
0x651e	0x33c0
0x6523	0x0
0x652f	0x799e
0x6534	0x0
0x6537	0x5
0x6539	0x0
0x653e	0x100
0x6541	0x1
0x6544	0xffffffffffffffffffffffffffffffffffffffff
0x655a	0xffffffffffffffffffffffffffffffffffffffff
0x6570	0xc488847b
0x6578	0x40
0x657c	0xffffffff
0x6581	0xc488847b
0x6582	0xe0
0x6584	0xc488847b00000000000000000000000000000000000000000000000000000000
0x6587	0x4
0x658c	0xffffffffffffffffffffffffffffffffffffffff
0x65a2	0xffffffffffffffffffffffffffffffffffffffff
0x65ba	0x20
0x65be	0xffffffffffffffffffffffffffffffffffffffff
0x65d4	0xffffffffffffffffffffffffffffffffffffffff
0x65ec	0x20
0x65f2	0x20
0x65fa	0x40
0x6600	0x64
0x6608	0x6610
0x660c	0x0
0x6617	0x6624
0x661c	0x0
0x6621	0x0
0x6629	0x40
0x662d	0x40
0x6632	0x663a
0x6636	0x0
0x6642	0x20
0x664c	0x20
0x665a	0x0
0x665c	0x10
0x665f	0x0
0x6660	0x1
0x6661	0x6666
0x6669	0x66bd
0x666d	0x40
0x6670	0x8c379a000000000000000000000000000000000000000000000000000000000
0x6693	0x4
0x6698	0x20
0x669d	0x20
0x66a0	0x33
0x66a4	0x20
0x66a8	0x7479
0x66ab	0x33
0x66af	0x40
0x66b5	0x40
0x66ba	0x84
0x66c0	0xffffffffffffffffffffffffffffffffffffffff
0x66d6	0x70a08231
0x66dc	0x40
0x66e0	0xffffffff
0x66e5	0x70a08231
0x66e6	0xe0
0x66e8	0x70a0823100000000000000000000000000000000000000000000000000000000
0x66eb	0x4
0x66f0	0xffffffffffffffffffffffffffffffffffffffff
0x6706	0xffffffffffffffffffffffffffffffffffffffff
0x671e	0x20
0x6724	0x20
0x6726	0x40
0x672b	0x24
0x6733	0x673b
0x6737	0x0
0x6742	0x674f
0x6747	0x0
0x674c	0x0
0x6754	0x40
0x6758	0x20
0x675d	0x6765
0x6761	0x0
0x676d	0x20
0x6779	0x67ea
0x677d	0x40
0x6780	0x8c379a000000000000000000000000000000000000000000000000000000000
0x67a3	0x4
0x67a8	0x20
0x67ad	0x20
0x67b0	0x18
0x67b4	0x20
0x67b8	0x4c49515549444154455f5345495a455f544f4f5f4d5543480000000000000000
0x67dc	0x20
0x67e2	0x40
0x67e7	0x64
0x67eb	0x0
0x67ee	0xffffffffffffffffffffffffffffffffffffffff
0x6805	0xffffffffffffffffffffffffffffffffffffffff
0x681d	0x6833
0x6821	0x682c
0x6828	0x4975
0x682f	0x692c
0x6835	0xffffffffffffffffffffffffffffffffffffffff
0x684b	0xb2a02ff1
0x6853	0x40
0x6857	0xffffffff
0x685c	0xb2a02ff1
0x685d	0xe0
0x685f	0xb2a02ff100000000000000000000000000000000000000000000000000000000
0x6862	0x4
0x6867	0xffffffffffffffffffffffffffffffffffffffff
0x687d	0xffffffffffffffffffffffffffffffffffffffff
0x6895	0x20
0x6899	0xffffffffffffffffffffffffffffffffffffffff
0x68af	0xffffffffffffffffffffffffffffffffffffffff
0x68c7	0x20
0x68cd	0x20
0x68d5	0x20
0x68d7	0x40
0x68dc	0x64
0x68de	0x0
0x68e6	0x68ee
0x68ea	0x0
0x68f5	0x6902
0x68fa	0x0
0x68ff	0x0
0x6907	0x40
0x690b	0x20
0x6910	0x6918
0x6914	0x0
0x6920	0x20
0x692d	0x0
0x692f	0x10
0x6932	0x0
0x6933	0x1
0x6934	0x6939
0x693c	0x69ad
0x6940	0x40
0x6943	0x8c379a000000000000000000000000000000000000000000000000000000000
0x6966	0x4
0x696b	0x20
0x6970	0x20
0x6973	0x14
0x6977	0x20
0x697b	0x746f6b656e207365697a757265206661696c6564000000000000000000000000
0x699f	0x20
0x69a5	0x40
0x69aa	0x64
0x69ae	0x298637f684da70674f26509b10f07ec2fbc77a335ab1e7d6215a4b2484d8bb52
0x69d4	0x40
0x69d9	0xffffffffffffffffffffffffffffffffffffffff
0x69ef	0xffffffffffffffffffffffffffffffffffffffff
0x6a07	0x20
0x6a0b	0xffffffffffffffffffffffffffffffffffffffff
0x6a21	0xffffffffffffffffffffffffffffffffffffffff
0x6a39	0x20
0x6a3f	0x20
0x6a43	0xffffffffffffffffffffffffffffffffffffffff
0x6a59	0xffffffffffffffffffffffffffffffffffffffff
0x6a71	0x20
0x6a77	0x20
0x6a81	0x40
0x6a86	0xa0
0x6a89	0x5
0x6a8b	0x0
0x6a90	0x100
0x6a93	0x1
0x6a96	0xffffffffffffffffffffffffffffffffffffffff
0x6aac	0xffffffffffffffffffffffffffffffffffffffff
0x6ac2	0x47ef3b3b
0x6acd	0x40
0x6ad1	0xffffffff
0x6ad6	0x47ef3b3b
0x6ad7	0xe0
0x6ad9	0x47ef3b3b00000000000000000000000000000000000000000000000000000000
0x6adc	0x4
0x6ae1	0xffffffffffffffffffffffffffffffffffffffff
0x6af7	0xffffffffffffffffffffffffffffffffffffffff
0x6b0f	0x20
0x6b13	0xffffffffffffffffffffffffffffffffffffffff
0x6b29	0xffffffffffffffffffffffffffffffffffffffff
0x6b41	0x20
0x6b45	0xffffffffffffffffffffffffffffffffffffffff
0x6b5b	0xffffffffffffffffffffffffffffffffffffffff
0x6b73	0x20
0x6b77	0xffffffffffffffffffffffffffffffffffffffff
0x6b8d	0xffffffffffffffffffffffffffffffffffffffff
0x6ba5	0x20
0x6bab	0x20
0x6bb1	0x20
0x6bbc	0x0
0x6bbe	0x40
0x6bc3	0xc4
0x6bc5	0x0
0x6bcd	0x6bd5
0x6bd1	0x0
0x6bdc	0x6be9
0x6be1	0x0
0x6be6	0x0
0x6bee	0x0
0x6bf0	0x10
0x6bf3	0x0
0x6bf4	0x1
0x6bf5	0x6bfa
0x6c10	0x0
0x6c13	0x5
0x6c15	0x0
0x6c1a	0x100
0x6c1d	0x1
0x6c20	0xffffffffffffffffffffffffffffffffffffffff
0x6c36	0xffffffffffffffffffffffffffffffffffffffff
0x6c4c	0xda3d454c
0x6c54	0x40
0x6c58	0xffffffff
0x6c5d	0xda3d454c
0x6c5e	0xe0
0x6c60	0xda3d454c00000000000000000000000000000000000000000000000000000000
0x6c63	0x4
0x6c68	0xffffffffffffffffffffffffffffffffffffffff
0x6c7e	0xffffffffffffffffffffffffffffffffffffffff
0x6c96	0x20
0x6c9a	0xffffffffffffffffffffffffffffffffffffffff
0x6cb0	0xffffffffffffffffffffffffffffffffffffffff
0x6cc8	0x20
0x6cce	0x20
0x6cd6	0x20
0x6cd8	0x40
0x6cdd	0x64
0x6cdf	0x0
0x6ce7	0x6cef
0x6ceb	0x0
0x6cf6	0x6d03
0x6cfb	0x0
0x6d00	0x0
0x6d08	0x40
0x6d0c	0x20
0x6d11	0x6d19
0x6d15	0x0
0x6d21	0x20
0x6d2d	0x0
0x6d31	0x6d49
0x6d35	0x6d41
0x6d38	0x3
0x6d3a	0x6
0x6d3d	0x5295
0x6d45	0x79c6
0x6d4a	0x6d51
0x6d4d	0x4412
0x6d52	0x9
0x6d56	0x6d6d
0x6d5a	0x6d65
0x6d5d	0xa
0x6d5f	0x4
0x6d61	0x33c0
0x6d69	0x79eb
0x6d6f	0x6d76
0x6d72	0x3f6f
0x6d79	0x6d90
0x6d7d	0x6d88
0x6d80	0xe
0x6d82	0x3
0x6d84	0x33c0
0x6d8c	0x7a10
0x6d91	0x6d98
0x6d94	0x7387
0x6d99	0x6da1
0x6d9d	0x4385
0x6da3	0x20
0x6dab	0x6db8
0x6daf	0x20
0x6db4	0x4726
0x6dba	0x40
0x6dc2	0x6dcd
0x6dc5	0xb
0x6dc9	0x4726
0x6dcf	0x60
0x6dd7	0x6de0
0x6ddc	0x5a12
0x6de2	0x40
0x6de6	0x10
0x6de8	0x0
0x6deb	0xffffffffffffffffffffffffffffffffffffffff
0x6e01	0xffffffffffffffffffffffffffffffffffffffff
0x6e19	0x20
0x6e1b	0x20
0x6e1f	0x20
0x6e21	0x40
0x6e22	0x0
0x6e25	0x0
0x6e2c	0xa
0x6e2f	0x10
0x6e31	0x0
0x6e34	0xffffffffffffffffffffffffffffffffffffffff
0x6e4a	0xffffffffffffffffffffffffffffffffffffffff
0x6e62	0x20
0x6e64	0x20
0x6e68	0x20
0x6e6a	0x40
0x6e6b	0x0
0x6e6e	0x1
0x6e76	0x60
0x6e7a	0xb
0x6e80	0x13ed6866d4e1ee6da46f845c46d7e54120883d75c5ea9a2dacc1c4ca8984ab80
0x6ea4	0x40
0x6ea9	0x60
0x6ead	0x40
0x6eb2	0xffffffffffffffffffffffffffffffffffffffff
0x6ec8	0xffffffffffffffffffffffffffffffffffffffff
0x6ee0	0x20
0x6ee6	0x20
0x6eec	0x20
0x6ef2	0x20
0x6efb	0x40
0x6f00	0x80
0x6f03	0x5
0x6f05	0x0
0x6f0a	0x100
0x6f0d	0x1
0x6f10	0xffffffffffffffffffffffffffffffffffffffff
0x6f26	0xffffffffffffffffffffffffffffffffffffffff
0x6f3c	0x5c778605
0x6f44	0x40
0x6f48	0xffffffff
0x6f4d	0x5c778605
0x6f4e	0xe0
0x6f50	0x5c77860500000000000000000000000000000000000000000000000000000000
0x6f53	0x4
0x6f58	0xffffffffffffffffffffffffffffffffffffffff
0x6f6e	0xffffffffffffffffffffffffffffffffffffffff
0x6f86	0x20
0x6f8a	0xffffffffffffffffffffffffffffffffffffffff
0x6fa0	0xffffffffffffffffffffffffffffffffffffffff
0x6fb8	0x20
0x6fbe	0x20
0x6fc6	0x0
0x6fc8	0x40
0x6fcd	0x64
0x6fcf	0x0
0x6fd7	0x6fdf
0x6fdb	0x0
0x6fe6	0x6ff3
0x6feb	0x0
0x6ff0	0x0
0x6ff8	0x0
0x6ffa	0x10
0x6ffd	0x0
0x6ffe	0x1
0x6fff	0x7004
0x7010	0x7017
0x7013	0x71f3
0x7018	0x0
0x701a	0x702b
0x701d	0xde0b6b3a7640000
0x7027	0x5fa5
0x702e	0x40
0x7032	0x20
0x7035	0x40
0x7039	0x7042
0x703e	0x5452
0x7134	0x0
0x713b	0x71df
0x713f	0x40
0x7142	0x8c379a000000000000000000000000000000000000000000000000000000000
0x7165	0x4
0x716a	0x20
0x716f	0x20
0x7175	0xe
0x7178	0x20
0x717e	0xe
0x7180	0x20
0x7187	0x0
0x718e	0x71a4
0x719a	0x20
0x71a0	0x7189
0x71af	0x1f
0x71b1	0xe
0x71b4	0x71d1
0x71bd	0x1
0x71c0	0x20
0x71c2	0x12
0x71c3	0x100
0x71c6	0x1000000000000000000000000000000000000
0x71c7	0xffffffffffffffffffffffffffffffffffff
0x71cc	0x20
0x71d7	0x40
0x71e4	0x71e9
0x7287	0x40
0x728b	0xe0
0x728e	0x40
0x7292	0x0
0x7294	0x10
0x7297	0x0
0x7298	0x1
0x7299	0x729e
0x72a1	0x20
0x72a4	0x0
0x72a6	0x3
0x72a9	0x0
0x72aa	0x1
0x72ab	0x72b0
0x72b3	0x20
0x72b6	0x0
0x72ba	0x20
0x72bd	0x0
0x72c1	0x20
0x72c4	0x0
0x72c8	0x20
0x72cb	0x0
0x72cf	0x20
0x72d2	0x0
0x72da	0x40
0x72de	0x100
0x72e2	0x40
0x72e6	0x0
0x72e8	0x10
0x72eb	0x0
0x72ec	0x1
0x72ed	0x72f2
0x72f5	0x20
0x72f8	0x0
0x72fa	0x3
0x72fd	0x0
0x72fe	0x1
0x72ff	0x7304
0x7307	0x20
0x730a	0x0
0x730e	0x20
0x7311	0x0
0x7315	0x20
0x7318	0x0
0x731c	0x20
0x731f	0x0
0x7323	0x20
0x7326	0x0
0x732a	0x20
0x732d	0x0
0x7335	0x40
0x7339	0xe0
0x733c	0x40
0x7340	0x0
0x7342	0x10
0x7345	0x0
0x7346	0x1
0x7347	0x734c
0x734f	0x20
0x7352	0x0
0x7354	0x3
0x7357	0x0
0x7358	0x1
0x7359	0x735e
0x7361	0x20
0x7364	0x0
0x7368	0x20
0x736b	0x0
0x736f	0x20
0x7372	0x0
0x7376	0x20
0x7379	0x0
0x737d	0x20
0x7380	0x0
0x7388	0x40
0x738c	0x80
0x738f	0x40
0x7393	0x0
0x7395	0x3
0x7398	0x0
0x7399	0x1
0x739a	0x739f
0x73a2	0x20
0x73a5	0x0
0x73a9	0x20
0x73ac	0x0
0x73b0	0x20
0x73b3	0x0
0x7a16	0x7a74
0x7a18	0x7aef
0x7a1a	0x7af2
0x7a1c	0x7af5
0x7a1e	0x7af8
0x7a20	0x7afb
0x7a22	0x7afe
0x7a24	0x7add
0x7a26	0x7ae0
0x7a28	0x7ae3
0x7a2a	0x7ae6
0x7a2c	0x7ae9
0x7a2e	0x7aec
0x7a30	0x7acb
0x7a32	0x7ace
0x7a34	0x7ad1
0x7a36	0x7ad4
0x7a38	0x7ad7
0x7a3a	0x7ada
0x7a3c	0x7abc
0x7a3e	0x7abf
0x7a40	0x7ac2
0x7a42	0x7ac5
0x7a44	0x7ac8
0x7a46	0x7aaa
0x7a48	0x7aad
0x7a4a	0x7ab0
0x7a4c	0x7ab3
0x7a4e	0x7ab6
0x7a50	0x7ab9
0x7a52	0x7a98
0x7a54	0x7a9b
0x7a56	0x7a9e
0x7a58	0x7aa1
0x7a5a	0x7aa4
0x7a5c	0x7aa7
0x7a5e	0x7a86
0x7a60	0x7a89
0x7a62	0x7a8c
0x7a64	0x7a8f
0x7a66	0x7a92
0x7a68	0x7a95
0x7a6a	0x7a77
0x7a6c	0x7a7a
0x7a6e	0x7a7d
0x7a70	0x7a80
0x7a72	0x7a83
0x7a75	0x27d
0x7a78	0x2cd
0x7a7b	0x35d
0x7a7e	0x3d0
0x7a81	0x3da
0x7a84	0x405
0x7a87	0x46a
0x7a8a	0x495
0x7a8d	0x4c0
0x7a90	0x553
0x7a93	0x5aa
0x7a96	0x5db
0x7a99	0x640
0x7a9c	0x66b
0x7a9f	0x6d0
0x7aa2	0x6fb
0x7aa5	0x705
0x7aa8	0x75c
0x7aab	0x7ab
0x7aae	0x7d6
0x7ab1	0x83b
0x7ab4	0x866
0x7ab7	0x8b5
0x7aba	0x90c
0x7abd	0x937
0x7ac0	0x9c7
0x7ac3	0xa2c
0x7ac6	0xbe2
0x7ac9	0xc0d
0x7acc	0xc80
0x7acf	0xcab
0x7ad2	0xd0f
0x7ad5	0xd3a
0x7ad8	0xdc9
0x7adb	0xe2e
0x7ade	0xe59
0x7ae1	0xed3
0x7ae4	0xf22
0x7ae7	0xf71
0x7aea	0xff6
0x7aed	0x103a
0x7af0	0x1065
0x7af3	0x10ca
0x7af6	0x1121
0x7af9	0x1178
0x7afc	0x11a3
0x7aff	0x11f2
0x75c0x3427	0x342c
0x10650x3427	0x342c
0x11a30x3427	0x342c
0x12210x3427	0x342c
0x33c00x3427	0x342c
0x61b20x3427	0x342c
0x75c0x3422	0x10
0x10650x3422	0x10
0x11a30x3422	0x10
0x12210x3422	0x10
0x33c00x3422	0x10
0x61b20x3422	0x10
0x75c0x3419	0x40
0x10650x3419	0x40
0x11a30x3419	0x40
0x12210x3419	0x40
0x33c00x3419	0x40
0x61b20x3419	0x40
0x75c0x3411	0x20
0x10650x3411	0x20
0x11a30x3411	0x20
0x12210x3411	0x20
0x33c00x3411	0x20
0x61b20x3411	0x20
0x75c0x340b	0x20
0x10650x340b	0x20
0x11a30x340b	0x20
0x12210x340b	0x20
0x33c00x340b	0x20
0x61b20x340b	0x20
0x75c0x3405	0x20
0x10650x3405	0x20
0x11a30x3405	0x20
0x12210x3405	0x20
0x33c00x3405	0x20
0x61b20x3405	0x20
0x75c0x33fe	0x40
0x10650x33fe	0x40
0x11a30x33fe	0x40
0x12210x33fe	0x40
0x33c00x33fe	0x40
0x61b20x33fe	0x40
0x75c0x33fc	0x0
0x10650x33fc	0x0
0x11a30x33fc	0x0
0x12210x33fc	0x0
0x33c00x33fc	0x0
0x61b20x33fc	0x0
0x75c0x33f6	0x33fb
0x10650x33f6	0x33fb
0x11a30x33f6	0x33fb
0x12210x33f6	0x33fb
0x33c00x33f6	0x33fb
0x61b20x33f6	0x33fb
0x75c0x33f1	0x38
0x10650x33f1	0x38
0x11a30x33f1	0x38
0x12210x33f1	0x38
0x33c00x33f1	0x38
0x61b20x33f1	0x38
0x75c0x33ea	0x33ef
0x10650x33ea	0x33ef
0x11a30x33ea	0x33ef
0x12210x33ea	0x33ef
0x61b20x33ea	0x33ef
0x75c0x33e5	0x10
0x10650x33e5	0x10
0x11a30x33e5	0x10
0x12210x33e5	0x10
0x61b20x33e5	0x10
0x75c0x33c3	0x45b96fe442630264581b197e84bbada861235052c5a1aadfff9ea4e40a969aa0
0x10650x33c3	0x45b96fe442630264581b197e84bbada861235052c5a1aadfff9ea4e40a969aa0
0x11a30x33c3	0x45b96fe442630264581b197e84bbada861235052c5a1aadfff9ea4e40a969aa0
0x12210x33c3	0x45b96fe442630264581b197e84bbada861235052c5a1aadfff9ea4e40a969aa0
0x61b20x33c3	0x45b96fe442630264581b197e84bbada861235052c5a1aadfff9ea4e40a969aa0
0x75c0x33c1	0x0
0x10650x33c1	0x0
0x11a30x33c1	0x0
0x12210x33c1	0x0
0x61b20x33c1	0x0
0x2b5e0x2ca3	0x1
0x2b5e0x2ca2	0x1
0x2b5e0x2ca1	0x0
0x2b5e0x2c9d	0xffffffffffffffffffffffffffffffffffffffffffffffffffffffffffffff00
0x2b5e0x2c9c	0xff
0x2b5e0x2c9a	0xff
0x2b5e0x2c96	0x1
0x2b5e0x2c93	0x100
0x2b5e0x2c90	0x0
0x2b5e0x2c8e	0x1
0x9c70x216e	0x4385
0x9c70x216a	0x2172
0x9c70x2168	0x0
0x66b0x1d61	0x1d66
0x66b0x1d60	0x1
0x66b0x1d5f	0x0
0x66b0x1d5c	0x10
0x66b0x1d5a	0x0
0x66b0x1d52	0x40
0x66b0x1d4b	0x20
0x66b0x1d33	0xffffffffffffffffffffffffffffffffffffffff
0x66b0x1d1d	0xffffffffffffffffffffffffffffffffffffffff
0x66b0x1d19	0x20
0x66b0x1d01	0xffffffffffffffffffffffffffffffffffffffff
0x66b0x1ceb	0xffffffffffffffffffffffffffffffffffffffff
0x66b0x1ce6	0x40
0x66b0x1cc3	0x7ac369dbd14fa5ea3f473ed67cc9d598964a77501540ba6751eb0b3decf5870d
0x66b0x1ca8	0xffffffffffffffffffffffffffffffffffffffff
0x66b0x1ca4	0xffffffffffffffffffffffff0000000000000000000000000000000000000000
0x66b0x1ca3	0xffffffffffffffffffffffffffffffffffffffff
0x66b0x1c8e	0xffffffffffffffffffffffffffffffffffffffff
0x66b0x1c8a	0x1
0x66b0x1c87	0x100
0x66b0x1c85	0x0
0x66b0x1c83	0x5
0x66b0x1c79	0x40
0x66b0x1c73	0x20
0x66b0x1c4f	0x6d61726b6572206d6574686f642072657475726e65642066616c736500000000
0x66b0x1c4b	0x20
0x66b0x1c47	0x1c
0x66b0x1c3f	0x20
0x66b0x1c3a	0x4
0x66b0x1c17	0x8c379a000000000000000000000000000000000000000000000000000000000
0x66b0x1c14	0x40
0x66b0x1c10	0x1c81
0x66b0x1c06	0x20
0x66b0x1bfa	0x0
0x66b0x1bf6	0x1bfe
0x66b0x1bf1	0x20
0x66b0x1bed	0x40
0x66b0x1be5	0x0
0x66b0x1be0	0x0
0x66b0x1bdb	0x1be8
0x66b0x1bd0	0x0
0x66b0x1bcc	0x1bd4
0x66b0x1bbf	0x40
0x66b0x1bbd	0x20
0x66b0x1bba	0x4
0x66b0x1bb7	0x7e3dd200000000000000000000000000000000000000000000000000000000
0x66b0x1bb5	0xe0
0x66b0x1bb4	0x7e3dd2
0x66b0x1baf	0xffffffff
0x66b0x1bab	0x40
0x66b0x1ba7	0x7e3dd2
0x66b0x1b91	0xffffffffffffffffffffffffffffffffffffffff
0x66b0x1b78	0xffffffffffffffffffffffffffffffffffffffff
0x66b0x1b75	0x1
0x66b0x1b72	0x100
0x66b0x1b6d	0x0
0x66b0x1b6b	0x5
0x66b0x1b69	0x0
0x66b0x1b64	0x1d6a
0x66b0x1b5d	0x33c0
0x66b0x1b5b	0x29
0x66b0x1b59	0x1
0x66b0x1b56	0x1b61
0x66b0x1b52	0x1b68
0x66b0x1b3b	0xffffffffffffffffffffffffffffffffffffffff
0x66b0x1b24	0xffffffffffffffffffffffffffffffffffffffff
0x66b0x1b0e	0xffffffffffffffffffffffffffffffffffffffff
0x66b0x1b0b	0x100
0x66b0x1b08	0x100
0x66b0x1b03	0x1
0x66b0x1b01	0x3
0x66b0x1aff	0x0
0x12210x1329	0x1
0x12210x1328	0x1
0x12210x1327	0x0
0x12210x1323	0xffffffffffffffffffffffffffffffffffffffffffffffffffffffffffffff00
0x12210x1322	0xff
0x12210x1320	0xff
0x12210x131c	0x1
0x12210x1319	0x100
0x12210x1316	0x0
0x12210x1314	0x1
0xf220xf69	0x40
0x24700xf69	0x40
0x4f650xf69	0x40
0xf220xf63	0x20
0x24700xf63	0x20
0x4f650xf63	0x20
0xf220xf5c	0x40
0x24700xf5c	0x40
0x4f650xf5c	0x40
0xed30xf1a	0x40
0x4e5e0xf1a	0x40
0xed30xf14	0x20
0x4e5e0xf14	0x20
0xed30xf0d	0x40
0x4e5e0xf0d	0x40
0x8660x8ad	0x40
0x24700x8ad	0x40
0x427c0x8ad	0x40
0x8660x8a7	0x20
0x24700x8a7	0x20
0x427c0x8a7	0x20
0x8660x8a0	0x40
0x24700x8a0	0x40
0x427c0x8a0	0x40
0x5db0x638	0x40
0x24700x638	0x40
0x2b5e0x638	0x40
0x5db0x632	0x20
0x24700x632	0x20
0x2b5e0x632	0x20
0x5db0x62b	0x40
0x24700x62b	0x40
0x2b5e0x62b	0x40
0x75c0x341e	0x60
0x10650x341e	0x60
0x11a30x341e	0x60
0x12210x341e	0x60
0x33c00x341e	0x60
0x61b20x341e	0x60
0x75c0x33f4	0x0
0x10650x33f4	0x0
0x11a30x33f4	0x0
0x12210x33f4	0x0
0x61b20x33f4	0x0
0x66b0x1d57	0x40
0x66b0x1c7e	0x64
0x66b0x1c44	0x20
0x66b0x1bc4	0x4
0xf220xf6e	0x20
0xed30xf1f	0x20
0x8660x8b2	0x20
0x5db0x63d	0x20
0x195bV0x4a1	0x0
0x195dV0x4a1	0x1964
0x1960V0x4a1	0x38c2
0x71f4V0x1a7c	0x40
0x71f8V0x1a7c	0x20
0x71fbV0x1a7c	0x40
0x71ffV0x1a7c	0x0
0x1af0V0x64c	0x0
0x1af2V0x64c	0x1af9
0x1af5V0x64c	0x3f6f
0x1f56V0x847	0x40
0x1f59V0x847	0x8c379a000000000000000000000000000000000000000000000000000000000
0x1f7cV0x847	0x4
0x1f81V0x847	0x20
0x1f86V0x847	0x20
0x1f89V0x847	0xa
0x1f8dV0x847	0x20
0x1f91V0x847	0x72652d656e746572656400000000000000000000000000000000000000000000
0x1fb5V0x847	0x20
0x1fbbV0x847	0x40
0x1fc0V0x847	0x64
0x1ff8V0x847	0x40
0x1ffbV0x847	0x8c379a000000000000000000000000000000000000000000000000000000000
0x201eV0x847	0x4
0x2023V0x847	0x20
0x2028V0x847	0x20
0x202bV0x847	0x16
0x202fV0x847	0x20
0x2033V0x847	0x61636372756520696e746572657374206661696c656400000000000000000000
0x2057V0x847	0x20
0x205dV0x847	0x40
0x2062V0x847	0x64
0x1f41V0x847	0x0
0x1f44V0x847	0x0
0x1f49V0x847	0x100
0x1f4cV0x847	0x1
0x1f4fV0x847	0xff
0x1f52V0x847	0x1fc3
0x1fc4V0x847	0x0
0x1fc7V0x847	0x0
0x1fc9V0x847	0x100
0x1fccV0x847	0x1
0x1fd0V0x847	0xff
0x1fd2V0x847	0xff
0x1fd3V0x847	0xffffffffffffffffffffffffffffffffffffffffffffffffffffffffffffff00
0x1fd7V0x847	0x1
0x1fd8V0x847	0x0
0x1fd9V0x847	0x0
0x1fdeV0x847	0x0
0x1fe0V0x847	0x10
0x1fe3V0x847	0x0
0x1fe4V0x847	0x1
0x1fe5V0x847	0x1fea
0x1febV0x847	0x1ff2
0x1feeV0x847	0x2470
0x1ff4V0x847	0x2065
0x1f400x2080V0x847	0x1
0x1f400x207fV0x847	0x1
0x1f400x207eV0x847	0x0
0x1f400x207aV0x847	0xffffffffffffffffffffffffffffffffffffffffffffffffffffffffffffff00
0x1f400x2079V0x847	0xff
0x1f400x2077V0x847	0xff
0x1f400x2073V0x847	0x1
0x1f400x2070V0x847	0x100
0x1f400x206dV0x847	0x0
0x1f400x206bV0x847	0x1
0x1f400x2066V0x847	0xb
0x4292V0x2087	0x40
0x4295V0x2087	0x8c379a000000000000000000000000000000000000000000000000000000000
0x42b8V0x2087	0x4
0x42bdV0x2087	0x20
0x42c2V0x2087	0x20
0x42c5V0x2087	0xa
0x42c9V0x2087	0x20
0x42cdV0x2087	0x72652d656e746572656400000000000000000000000000000000000000000000
0x42f1V0x2087	0x20
0x42f7V0x2087	0x40
0x42fcV0x2087	0x64
0x4339V0x2087	0x434e
0x433dV0x2087	0x10
0x4342V0x2087	0x4347
0x427dV0x2087	0x0
0x4280V0x2087	0x0
0x4285V0x2087	0x100
0x4288V0x2087	0x1
0x428bV0x2087	0xff
0x428eV0x2087	0x42ff
0x4300V0x2087	0x0
0x4303V0x2087	0x0
0x4305V0x2087	0x100
0x4308V0x2087	0x1
0x430cV0x2087	0xff
0x430eV0x2087	0xff
0x430fV0x2087	0xffffffffffffffffffffffffffffffffffffffffffffffffffffffffffffff00
0x4313V0x2087	0x1
0x4314V0x2087	0x0
0x4315V0x2087	0x0
0x431aV0x2087	0x0
0x431cV0x2087	0x4323
0x431fV0x2087	0x2470
0x4326V0x2087	0x0
0x4328V0x2087	0x10
0x432bV0x2087	0x0
0x432cV0x2087	0x1
0x432dV0x2087	0x4332
0x4335V0x2087	0x4356
0x4357V0x2087	0x4362
0x435bV0x2087	0x0
0x435eV0x2087	0x5a5d
0x4352V0x2087	0x4366
0x4348V0x2087	0x19
0x434aV0x2087	0x33c0
0x427c0x33eaV0x2087	0x33ef
0x427c0x33e5V0x2087	0x10
0x427c0x33c3V0x2087	0x45b96fe442630264581b197e84bbada861235052c5a1aadfff9ea4e40a969aa0
0x427c0x33c1V0x2087	0x0
0x427c0x33f6V0x2087	0x33fb
0x427c0x33f1V0x2087	0x38
0x427c0x33f4V0x2087	0x0
0x427c0x3427V0x2087	0x342c
0x427c0x3422V0x2087	0x10
0x427c0x3419V0x2087	0x40
0x427c0x3411V0x2087	0x20
0x427c0x340bV0x2087	0x20
0x427c0x3405V0x2087	0x20
0x427c0x33feV0x2087	0x40
0x427c0x33fcV0x2087	0x0
0x427c0x341eV0x2087	0x60
0x427c0x437cV0x2087	0x1
0x427c0x437bV0x2087	0x1
0x427c0x437aV0x2087	0x0
0x427c0x4376V0x2087	0xffffffffffffffffffffffffffffffffffffffffffffffffffffffffffffff00
0x427c0x4375V0x2087	0xff
0x427c0x4373V0x2087	0xff
0x427c0x436fV0x2087	0x1
0x427c0x436cV0x2087	0x100
0x427c0x4369V0x2087	0x0
0x427c0x4367V0x2087	0x1
0x4413V0x2470	0x0
0x47b9V0x27e5	0x40
0x47bcV0x27e5	0x8c379a000000000000000000000000000000000000000000000000000000000
0x47dfV0x27e5	0x4
0x47e4V0x27e5	0x20
0x47e9V0x27e5	0x20
0x47ecV0x27e5	0xa
0x47f0V0x27e5	0x20
0x47f4V0x27e5	0x72652d656e746572656400000000000000000000000000000000000000000000
0x4818V0x27e5	0x20
0x481eV0x27e5	0x40
0x4823V0x27e5	0x64
0x4860V0x27e5	0x4875
0x4864V0x27e5	0x10
0x4869V0x27e5	0x486e
0x48c8V0x27e5	0x0
0x48d8V0x27e5	0x0
0x48ddV0x27e5	0x0
0x48f2V0x27e5	0x0
0x491dV0x27e5	0x4932
0x4921V0x27e5	0x10
0x4926V0x27e5	0x492b
0x47a3V0x27e5	0x0
0x47a6V0x27e5	0x0
0x47acV0x27e5	0x100
0x47afV0x27e5	0x1
0x47b2V0x27e5	0xff
0x47b5V0x27e5	0x4826
0x4827V0x27e5	0x0
0x482aV0x27e5	0x0
0x482cV0x27e5	0x100
0x482fV0x27e5	0x1
0x4833V0x27e5	0xff
0x4835V0x27e5	0xff
0x4836V0x27e5	0xffffffffffffffffffffffffffffffffffffffffffffffffffffffffffffff00
0x483aV0x27e5	0x1
0x483bV0x27e5	0x0
0x483cV0x27e5	0x0
0x4841V0x27e5	0x0
0x4843V0x27e5	0x484a
0x4846V0x27e5	0x2470
0x484dV0x27e5	0x0
0x484fV0x27e5	0x10
0x4852V0x27e5	0x0
0x4853V0x27e5	0x1
0x4854V0x27e5	0x4859
0x485cV0x27e5	0x4884
0x4886V0x27e5	0xffffffffffffffffffffffffffffffffffffffff
0x489cV0x27e5	0xa6afed95
0x48a1V0x27e5	0x40
0x48a5V0x27e5	0xffffffff
0x48aaV0x27e5	0xa6afed95
0x48abV0x27e5	0xe0
0x48adV0x27e5	0xa6afed9500000000000000000000000000000000000000000000000000000000
0x48b0V0x27e5	0x4
0x48b3V0x27e5	0x20
0x48b5V0x27e5	0x40
0x48baV0x27e5	0x4
0x48bcV0x27e5	0x0
0x48c4V0x27e5	0x48cc
0x4876V0x27e5	0x0
0x4880V0x27e5	0x4953
0x486fV0x27e5	0x7
0x4871V0x27e5	0x33c0
0x48d3V0x27e5	0x48e0
0x48e5V0x27e5	0x40
0x48e9V0x27e5	0x20
0x48eeV0x27e5	0x48f6
0x48feV0x27e5	0x20
0x490aV0x27e5	0x0
0x490cV0x27e5	0x10
0x490fV0x27e5	0x0
0x4910V0x27e5	0x1
0x4911V0x27e5	0x4916
0x4919V0x27e5	0x4941
0x4942V0x27e5	0x494d
0x4949V0x27e5	0x61b2
0x4933V0x27e5	0x0
0x493dV0x27e5	0x4953
0x492cV0x27e5	0x8
0x492eV0x27e5	0x33c0
0x47a20x33eaV0x27e5	0x33ef
0x47a20x33e5V0x27e5	0x10
0x47a20x33c3V0x27e5	0x45b96fe442630264581b197e84bbada861235052c5a1aadfff9ea4e40a969aa0
0x47a20x33c1V0x27e5	0x0
0x47a20x33f6V0x27e5	0x33fb
0x47a20x33f1V0x27e5	0x38
0x47a20x3427V0x27e5	0x342c
0x47a20x3422V0x27e5	0x10
0x47a20x3419V0x27e5	0x40
0x47a20x3411V0x27e5	0x20
0x47a20x340bV0x27e5	0x20
0x47a20x3405V0x27e5	0x20
0x47a20x33feV0x27e5	0x40
0x47a20x33fcV0x27e5	0x0
0x47a20x341eV0x27e5	0x60
0x47a20x4969V0x27e5	0x1
0x47a20x4968V0x27e5	0x1
0x47a20x4967V0x27e5	0x0
0x47a20x4963V0x27e5	0xffffffffffffffffffffffffffffffffffffffffffffffffffffffffffffff00
0x47a20x4962V0x27e5	0xff
0x47a20x4960V0x27e5	0xff
0x47a20x495cV0x27e5	0x1
0x47a20x4959V0x27e5	0x100
0x47a20x4956V0x27e5	0x0
0x47a20x4954V0x27e5	0x1
0x4e74V0x2d2f	0x40
0x4e77V0x2d2f	0x8c379a000000000000000000000000000000000000000000000000000000000
0x4e9aV0x2d2f	0x4
0x4e9fV0x2d2f	0x20
0x4ea4V0x2d2f	0x20
0x4ea7V0x2d2f	0xa
0x4eabV0x2d2f	0x20
0x4eafV0x2d2f	0x72652d656e746572656400000000000000000000000000000000000000000000
0x4ed3V0x2d2f	0x20
0x4ed9V0x2d2f	0x40
0x4edeV0x2d2f	0x64
0x4f1bV0x2d2f	0x4f30
0x4f1fV0x2d2f	0x10
0x4f24V0x2d2f	0x4f29
0x4e5fV0x2d2f	0x0
0x4e62V0x2d2f	0x0
0x4e67V0x2d2f	0x100
0x4e6aV0x2d2f	0x1
0x4e6dV0x2d2f	0xff
0x4e70V0x2d2f	0x4ee1
0x4ee2V0x2d2f	0x0
0x4ee5V0x2d2f	0x0
0x4ee7V0x2d2f	0x100
0x4eeaV0x2d2f	0x1
0x4eeeV0x2d2f	0xff
0x4ef0V0x2d2f	0xff
0x4ef1V0x2d2f	0xffffffffffffffffffffffffffffffffffffffffffffffffffffffffffffff00
0x4ef5V0x2d2f	0x1
0x4ef6V0x2d2f	0x0
0x4ef7V0x2d2f	0x0
0x4efcV0x2d2f	0x0
0x4efeV0x2d2f	0x4f05
0x4f01V0x2d2f	0x2470
0x4f08V0x2d2f	0x0
0x4f0aV0x2d2f	0x10
0x4f0dV0x2d2f	0x0
0x4f0eV0x2d2f	0x1
0x4f0fV0x2d2f	0x4f14
0x4f17V0x2d2f	0x4f38
0x4f39V0x2d2f	0x4f42
0x4f3eV0x2d2f	0x6c0f
0x4f34V0x2d2f	0x4f46
0x4f2aV0x2d2f	0x2
0x4f2cV0x2d2f	0x33c0
0x4e5e0x33eaV0x2d2f	0x33ef
0x4e5e0x33e5V0x2d2f	0x10
0x4e5e0x33c3V0x2d2f	0x45b96fe442630264581b197e84bbada861235052c5a1aadfff9ea4e40a969aa0
0x4e5e0x33c1V0x2d2f	0x0
0x4e5e0x33f6V0x2d2f	0x33fb
0x4e5e0x33f1V0x2d2f	0x38
0x4e5e0x33f4V0x2d2f	0x0
0x4e5e0x3427V0x2d2f	0x342c
0x4e5e0x3422V0x2d2f	0x10
0x4e5e0x3419V0x2d2f	0x40
0x4e5e0x3411V0x2d2f	0x20
0x4e5e0x340bV0x2d2f	0x20
0x4e5e0x3405V0x2d2f	0x20
0x4e5e0x33feV0x2d2f	0x40
0x4e5e0x33fcV0x2d2f	0x0
0x4e5e0x341eV0x2d2f	0x60
0x4e5e0x4f5cV0x2d2f	0x1
0x4e5e0x4f5bV0x2d2f	0x1
0x4e5e0x4f5aV0x2d2f	0x0
0x4e5e0x4f56V0x2d2f	0xffffffffffffffffffffffffffffffffffffffffffffffffffffffffffffff00
0x4e5e0x4f55V0x2d2f	0xff
0x4e5e0x4f53V0x2d2f	0xff
0x4e5e0x4f4fV0x2d2f	0x1
0x4e5e0x4f4cV0x2d2f	0x100
0x4e5e0x4f49V0x2d2f	0x0
0x4e5e0x4f47V0x2d2f	0x1
0x4f7bV0x2d41	0x40
0x4f7eV0x2d41	0x8c379a000000000000000000000000000000000000000000000000000000000
0x4fa1V0x2d41	0x4
0x4fa6V0x2d41	0x20
0x4fabV0x2d41	0x20
0x4faeV0x2d41	0xa
0x4fb2V0x2d41	0x20
0x4fb6V0x2d41	0x72652d656e746572656400000000000000000000000000000000000000000000
0x4fdaV0x2d41	0x20
0x4fe0V0x2d41	0x40
0x4fe5V0x2d41	0x64
0x5022V0x2d41	0x5037
0x5026V0x2d41	0x10
0x502bV0x2d41	0x5030
0x4f66V0x2d41	0x0
0x4f69V0x2d41	0x0
0x4f6eV0x2d41	0x100
0x4f71V0x2d41	0x1
0x4f74V0x2d41	0xff
0x4f77V0x2d41	0x4fe8
0x4fe9V0x2d41	0x0
0x4fecV0x2d41	0x0
0x4feeV0x2d41	0x100
0x4ff1V0x2d41	0x1
0x4ff5V0x2d41	0xff
0x4ff7V0x2d41	0xff
0x4ff8V0x2d41	0xffffffffffffffffffffffffffffffffffffffffffffffffffffffffffffff00
0x4ffcV0x2d41	0x1
0x4ffdV0x2d41	0x0
0x4ffeV0x2d41	0x0
0x5003V0x2d41	0x0
0x5005V0x2d41	0x500c
0x5008V0x2d41	0x2470
0x500fV0x2d41	0x0
0x5011V0x2d41	0x10
0x5014V0x2d41	0x0
0x5015V0x2d41	0x1
0x5016V0x2d41	0x501b
0x501eV0x2d41	0x503f
0x5040V0x2d41	0x504b
0x5045V0x2d41	0x0
0x5047V0x2d41	0x5a5d
0x503bV0x2d41	0x504f
0x5031V0x2d41	0x19
0x5033V0x2d41	0x33c0
0x4f650x33eaV0x2d41	0x33ef
0x4f650x33e5V0x2d41	0x10
0x4f650x33c3V0x2d41	0x45b96fe442630264581b197e84bbada861235052c5a1aadfff9ea4e40a969aa0
0x4f650x33c1V0x2d41	0x0
0x4f650x33f6V0x2d41	0x33fb
0x4f650x33f1V0x2d41	0x38
0x4f650x33f4V0x2d41	0x0
0x4f650x3427V0x2d41	0x342c
0x4f650x3422V0x2d41	0x10
0x4f650x3419V0x2d41	0x40
0x4f650x3411V0x2d41	0x20
0x4f650x340bV0x2d41	0x20
0x4f650x3405V0x2d41	0x20
0x4f650x33feV0x2d41	0x40
0x4f650x33fcV0x2d41	0x0
0x4f650x341eV0x2d41	0x60
0x4f650x5065V0x2d41	0x1
0x4f650x5064V0x2d41	0x1
0x4f650x5063V0x2d41	0x0
0x4f650x505fV0x2d41	0xffffffffffffffffffffffffffffffffffffffffffffffffffffffffffffff00
0x4f650x505eV0x2d41	0xff
0x4f650x505cV0x2d41	0xff
0x4f650x5058V0x2d41	0x1
0x4f650x5055V0x2d41	0x100
0x4f650x5052V0x2d41	0x0
0x4f650x5050V0x2d41	0x1
0x5085V0x2dda	0x40
0x5088V0x2dda	0x8c379a000000000000000000000000000000000000000000000000000000000
0x50abV0x2dda	0x4
0x50b0V0x2dda	0x20
0x50b5V0x2dda	0x20
0x50b8V0x2dda	0xa
0x50bcV0x2dda	0x20
0x50c0V0x2dda	0x72652d656e746572656400000000000000000000000000000000000000000000
0x50e4V0x2dda	0x20
0x50eaV0x2dda	0x40
0x50efV0x2dda	0x64
0x512cV0x2dda	0x5141
0x5130V0x2dda	0x10
0x5135V0x2dda	0x513a
0x506fV0x2dda	0x0
0x5072V0x2dda	0x0
0x5078V0x2dda	0x100
0x507bV0x2dda	0x1
0x507eV0x2dda	0xff
0x5081V0x2dda	0x50f2
0x50f3V0x2dda	0x0
0x50f6V0x2dda	0x0
0x50f8V0x2dda	0x100
0x50fbV0x2dda	0x1
0x50ffV0x2dda	0xff
0x5101V0x2dda	0xff
0x5102V0x2dda	0xffffffffffffffffffffffffffffffffffffffffffffffffffffffffffffff00
0x5106V0x2dda	0x1
0x5107V0x2dda	0x0
0x5108V0x2dda	0x0
0x510dV0x2dda	0x0
0x510fV0x2dda	0x5116
0x5112V0x2dda	0x2470
0x5119V0x2dda	0x0
0x511bV0x2dda	0x10
0x511eV0x2dda	0x0
0x511fV0x2dda	0x1
0x5120V0x2dda	0x5125
0x5128V0x2dda	0x5150
0x5151V0x2dda	0x515b
0x5157V0x2dda	0x54c5
0x5142V0x2dda	0x0
0x514cV0x2dda	0x5161
0x513bV0x2dda	0x22
0x513dV0x2dda	0x33c0
0x506e0x33eaV0x2dda	0x33ef
0x506e0x33e5V0x2dda	0x10
0x506e0x33c3V0x2dda	0x45b96fe442630264581b197e84bbada861235052c5a1aadfff9ea4e40a969aa0
0x506e0x33c1V0x2dda	0x0
0x506e0x33f6V0x2dda	0x33fb
0x506e0x33f1V0x2dda	0x38
0x506e0x33f4V0x2dda	0x0
0x506e0x3427V0x2dda	0x342c
0x506e0x3422V0x2dda	0x10
0x506e0x3419V0x2dda	0x40
0x506e0x3411V0x2dda	0x20
0x506e0x340bV0x2dda	0x20
0x506e0x3405V0x2dda	0x20
0x506e0x33feV0x2dda	0x40
0x506e0x33fcV0x2dda	0x0
0x506e0x341eV0x2dda	0x60
0x506e0x5177V0x2dda	0x1
0x506e0x5176V0x2dda	0x1
0x506e0x5175V0x2dda	0x0
0x506e0x5171V0x2dda	0xffffffffffffffffffffffffffffffffffffffffffffffffffffffffffffff00
0x506e0x5170V0x2dda	0xff
0x506e0x516eV0x2dda	0xff
0x506e0x516aV0x2dda	0x1
0x506e0x5167V0x2dda	0x100
0x506e0x5164V0x2dda	0x0
0x506e0x5162V0x2dda	0x1
0x2ebdV0x1046	0x2ec8
0x2ec0V0x1046	0x1
0x2ec2V0x1046	0x0
0x2ec4V0x1046	0x33c0
0x2e2dV0x1046	0x0
0x2e2fV0x1046	0x4
0x2e31V0x1046	0x0
0x2e36V0x1046	0x100
0x2e39V0x1046	0x1
0x2e3cV0x1046	0xffffffffffffffffffffffffffffffffffffffff
0x2e52V0x1046	0xffffffffffffffffffffffffffffffffffffffff
0x2e69V0x1046	0xffffffffffffffffffffffffffffffffffffffff
0x2e82V0x1046	0x2eb7
0x2eb9V0x1046	0x2ecf
0x2ed0V0x1046	0x0
0x2ed2V0x1046	0x3
0x2ed4V0x1046	0x1
0x2ed9V0x1046	0x100
0x2edcV0x1046	0x100
0x2edfV0x1046	0xffffffffffffffffffffffffffffffffffffffff
0x2ef7V0x1046	0x0
0x2ef9V0x1046	0x4
0x2efbV0x1046	0x0
0x2f00V0x1046	0x100
0x2f03V0x1046	0x1
0x2f06V0x1046	0xffffffffffffffffffffffffffffffffffffffff
0x2f1eV0x1046	0x4
0x2f20V0x1046	0x0
0x2f25V0x1046	0x100
0x2f28V0x1046	0x1
0x2f2bV0x1046	0xffffffffffffffffffffffffffffffffffffffff
0x2f41V0x1046	0x3
0x2f43V0x1046	0x1
0x2f45V0x1046	0x100
0x2f48V0x1046	0x100
0x2f4cV0x1046	0xffffffffffffffffffffffffffffffffffffffff
0x2f61V0x1046	0xffffffffffffffffffffffffffffffffffffffff00
0x2f62V0x1046	0xffffffffffffffffffffff0000000000000000000000000000000000000000ff
0x2f66V0x1046	0xffffffffffffffffffffffffffffffffffffffff
0x2f81V0x1046	0x0
0x2f83V0x1046	0x4
0x2f85V0x1046	0x0
0x2f87V0x1046	0x100
0x2f8aV0x1046	0x1
0x2f8eV0x1046	0xffffffffffffffffffffffffffffffffffffffff
0x2fa3V0x1046	0xffffffffffffffffffffffffffffffffffffffff
0x2fa4V0x1046	0xffffffffffffffffffffffff0000000000000000000000000000000000000000
0x2fa8V0x1046	0xffffffffffffffffffffffffffffffffffffffff
0x2fbdV0x1046	0x0
0x2fbeV0x1046	0x0
0x2fc3V0x1046	0xf9ffabca9c8276e99321725bcb43fb076a6c66a54b7f21c4e8146d8519b417dc
0x2fe5V0x1046	0x3
0x2fe7V0x1046	0x1
0x2fecV0x1046	0x100
0x2fefV0x1046	0x100
0x2ff2V0x1046	0xffffffffffffffffffffffffffffffffffffffff
0x3008V0x1046	0x40
0x300dV0x1046	0xffffffffffffffffffffffffffffffffffffffff
0x3023V0x1046	0xffffffffffffffffffffffffffffffffffffffff
0x303bV0x1046	0x20
0x303fV0x1046	0xffffffffffffffffffffffffffffffffffffffff
0x3055V0x1046	0xffffffffffffffffffffffffffffffffffffffff
0x306dV0x1046	0x20
0x3074V0x1046	0x40
0x3079V0x1046	0x40
0x307cV0x1046	0xca4f2f25d0898edd99413412fb94012f9e54ec8142f9b093e7720646a95b16a9
0x309eV0x1046	0x4
0x30a0V0x1046	0x0
0x30a5V0x1046	0x100
0x30a8V0x1046	0x1
0x30abV0x1046	0xffffffffffffffffffffffffffffffffffffffff
0x30c1V0x1046	0x40
0x30c6V0x1046	0xffffffffffffffffffffffffffffffffffffffff
0x30dcV0x1046	0xffffffffffffffffffffffffffffffffffffffff
0x30f4V0x1046	0x20
0x30f8V0x1046	0xffffffffffffffffffffffffffffffffffffffff
0x310eV0x1046	0xffffffffffffffffffffffffffffffffffffffff
0x3126V0x1046	0x20
0x312dV0x1046	0x40
0x3132V0x1046	0x40
0x3135V0x1046	0x0
0x3137V0x1046	0x10
0x313aV0x1046	0x0
0x313bV0x1046	0x1
0x313cV0x1046	0x3141
0x2ecbV0x1046	0x3146
0x2e87V0x1046	0x0
0x2e89V0x1046	0xffffffffffffffffffffffffffffffffffffffff
0x2e9eV0x1046	0x0
0x2ea0V0x1046	0xffffffffffffffffffffffffffffffffffffffff
0x2168V0x192a	0x0
0x216aV0x192a	0x2172
0x216eV0x192a	0x4385
0x71f4V0x3f47	0x40
0x71f8V0x3f47	0x20
0x71fbV0x3f47	0x40
0x71ffV0x3f47	0x0
0x54a5V0x3f6f	0x0
0x54aeV0x3f6f	0x54be
0x549bV0x3f6f	0x0
0x54a1V0x3f6f	0x54b2
0x54b3V0x3f6f	0x3
0x54b5V0x3f6f	0x0
0x1afe0x1c79V0x22ea	0x40
0x1afe0x1c73V0x22ea	0x20
0x1afe0x1c4fV0x22ea	0x6d61726b6572206d6574686f642072657475726e65642066616c736500000000
0x1afe0x1c4bV0x22ea	0x20
0x1afe0x1c47V0x22ea	0x1c
0x1afe0x1c3fV0x22ea	0x20
0x1afe0x1c3aV0x22ea	0x4
0x1afe0x1c17V0x22ea	0x8c379a000000000000000000000000000000000000000000000000000000000
0x1afe0x1c14V0x22ea	0x40
0x1afe0x1c7eV0x22ea	0x64
0x1afe0x1c44V0x22ea	0x20
0x1afe0x1bfaV0x22ea	0x0
0x1afe0x1bd0V0x22ea	0x0
0x1afe0x1b5dV0x22ea	0x33c0
0x1afe0x1b5bV0x22ea	0x29
0x1afe0x1b59V0x22ea	0x1
0x1afe0x1b56V0x22ea	0x1b61
0x1afe0x1be5V0x22ea	0x0
0x1afe0x1be0V0x22ea	0x0
0x1affV0x22ea	0x0
0x1b01V0x22ea	0x3
0x1b03V0x22ea	0x1
0x1b08V0x22ea	0x100
0x1b0bV0x22ea	0x100
0x1b0eV0x22ea	0xffffffffffffffffffffffffffffffffffffffff
0x1b24V0x22ea	0xffffffffffffffffffffffffffffffffffffffff
0x1b3bV0x22ea	0xffffffffffffffffffffffffffffffffffffffff
0x1b52V0x22ea	0x1b68
0x1afe0x1b64V0x22ea	0x1d6a
0x1afe0x1bccV0x22ea	0x1bd4
0x1afe0x1bbfV0x22ea	0x40
0x1afe0x1bbdV0x22ea	0x20
0x1afe0x1bbaV0x22ea	0x4
0x1afe0x1bb7V0x22ea	0x7e3dd200000000000000000000000000000000000000000000000000000000
0x1afe0x1bb5V0x22ea	0xe0
0x1afe0x1bb4V0x22ea	0x7e3dd2
0x1afe0x1bafV0x22ea	0xffffffff
0x1afe0x1babV0x22ea	0x40
0x1afe0x1ba7V0x22ea	0x7e3dd2
0x1afe0x1b91V0x22ea	0xffffffffffffffffffffffffffffffffffffffff
0x1afe0x1b78V0x22ea	0xffffffffffffffffffffffffffffffffffffffff
0x1afe0x1b75V0x22ea	0x1
0x1afe0x1b72V0x22ea	0x100
0x1afe0x1b6dV0x22ea	0x0
0x1afe0x1b6bV0x22ea	0x5
0x1afe0x1b69V0x22ea	0x0
0x1afe0x1bc4V0x22ea	0x4
0x1afe0x1bdbV0x22ea	0x1be8
0x1afe0x1bf6V0x22ea	0x1bfe
0x1afe0x1bf1V0x22ea	0x20
0x1afe0x1bedV0x22ea	0x40
0x1afe0x1c10V0x22ea	0x1c81
0x1afe0x1c06V0x22ea	0x20
0x1afe0x1d61V0x22ea	0x1d66
0x1afe0x1d60V0x22ea	0x1
0x1afe0x1d5fV0x22ea	0x0
0x1afe0x1d5cV0x22ea	0x10
0x1afe0x1d5aV0x22ea	0x0
0x1afe0x1d52V0x22ea	0x40
0x1afe0x1d4bV0x22ea	0x20
0x1afe0x1d33V0x22ea	0xffffffffffffffffffffffffffffffffffffffff
0x1afe0x1d1dV0x22ea	0xffffffffffffffffffffffffffffffffffffffff
0x1afe0x1d19V0x22ea	0x20
0x1afe0x1d01V0x22ea	0xffffffffffffffffffffffffffffffffffffffff
0x1afe0x1cebV0x22ea	0xffffffffffffffffffffffffffffffffffffffff
0x1afe0x1ce6V0x22ea	0x40
0x1afe0x1cc3V0x22ea	0x7ac369dbd14fa5ea3f473ed67cc9d598964a77501540ba6751eb0b3decf5870d
0x1afe0x1ca8V0x22ea	0xffffffffffffffffffffffffffffffffffffffff
0x1afe0x1ca4V0x22ea	0xffffffffffffffffffffffff0000000000000000000000000000000000000000
0x1afe0x1ca3V0x22ea	0xffffffffffffffffffffffffffffffffffffffff
0x1afe0x1c8eV0x22ea	0xffffffffffffffffffffffffffffffffffffffff
0x1afe0x1c8aV0x22ea	0x1
0x1afe0x1c87V0x22ea	0x100
0x1afe0x1c85V0x22ea	0x0
0x1afe0x1c83V0x22ea	0x5
0x1afe0x1d57V0x22ea	0x40
0x4413V0x2378	0x0
0x71f4V0x260d	0x40
0x71f8V0x260d	0x20
0x71fbV0x260d	0x40
0x71ffV0x260d	0x0
0x6106V0x4726	0x40
0x6109V0x4726	0x8c379a000000000000000000000000000000000000000000000000000000000
0x612cV0x4726	0x4
0x6131V0x4726	0x20
0x6136V0x4726	0x20
0x613cV0x4726	0x11
0x613fV0x4726	0x20
0x6145V0x4726	0x11
0x6147V0x4726	0x20
0x614eV0x4726	0x0
0x60f4V0x4726	0x0
0x6102V0x4726	0x61a6
0x6176V0x4726	0x1f
0x6178V0x4726	0x11
0x617bV0x4726	0x6198
0x6155V0x4726	0x616b
0x619eV0x4726	0x40
0x6161V0x4726	0x20
0x6167V0x4726	0x6150
0x6184V0x4726	0x1
0x6187V0x4726	0x20
0x6189V0x4726	0xf
0x618aV0x4726	0x100
0x618dV0x4726	0x1000000000000000000000000000000
0x618eV0x4726	0xffffffffffffffffffffffffffffff
0x6193V0x4726	0x20
0x71f4V0x4770	0x40
0x71f8V0x4770	0x20
0x71fbV0x4770	0x40
0x71ffV0x4770	0x0
0x195bV0x2c83	0x0
0x195dV0x2c83	0x1964
0x1960V0x2c83	0x38c2
0x4413V0x3577	0x0
0x71f4V0x542a	0x40
0x71f8V0x542a	0x20
0x71fbV0x542a	0x40
0x71ffV0x542a	0x0
0x547cV0x3f5b	0x0
0x547eV0x3f5b	0xde0b6b3a7640000
0x5488V0x3f5b	0x0
0x548dV0x3f5b	0x5492
0x4413V0x412b	0x0
0x5a50V0x419c	0x0
0x5a55V0x419c	0x0
0x5a14V0x419c	0xffffffffffffffffffffffffffffffffffffffff
0x5a2aV0x419c	0x8fc
0x5a33V0x419c	0x40
0x5a36V0x419c	0x0
0x5a38V0x419c	0x40
0x5a3dV0x419c	0x0
0x5a4bV0x419c	0x5a58
0x7064V0x5fa5	0x0
0x7068V0x5fa5	0x712c
0x7086V0x5fa5	0x40
0x7089V0x5fa5	0x8c379a000000000000000000000000000000000000000000000000000000000
0x70acV0x5fa5	0x4
0x70b1V0x5fa5	0x20
0x70b6V0x5fa5	0x20
0x70bcV0x5fa5	0x17
0x70bfV0x5fa5	0x20
0x70c5V0x5fa5	0x17
0x70c7V0x5fa5	0x20
0x70ceV0x5fa5	0x0
0x704fV0x5fa5	0x0
0x7055V0x5fa5	0x705e
0x7060V0x5fa5	0x706c
0x706dV0x5fa5	0x0
0x7078V0x5fa5	0x707d
0x7082V0x5fa5	0x7126
0x70f6V0x5fa5	0x1f
0x70f8V0x5fa5	0x17
0x70fbV0x5fa5	0x7118
0x70d5V0x5fa5	0x70eb
0x711eV0x5fa5	0x40
0x705aV0x5fa5	0x0
0x70e1V0x5fa5	0x20
0x70e7V0x5fa5	0x70d0
0x7104V0x5fa5	0x1
0x7107V0x5fa5	0x20
0x7109V0x5fa5	0x9
0x710aV0x5fa5	0x100
0x710dV0x5fa5	0x1000000000000000000
0x710eV0x5fa5	0xffffffffffffffffff
0x7113V0x5fa5	0x20
0x4413V0x4486	0x0
0x547cV0x4784	0x0
0x547eV0x4784	0xde0b6b3a7640000
0x5488V0x4784	0x0
0x548dV0x4784	0x5492
0x4413V0x51ec	0x0
0x547cV0x543e	0x0
0x547eV0x543e	0xde0b6b3a7640000
0x5488V0x543e	0x0
0x548dV0x543e	0x5492
0x71f4V0x700f	0x40
0x71f8V0x700f	0x20
0x71fbV0x700f	0x40
0x71ffV0x700f	0x0
0x4413V0x563c	0x0
0x4413V0x5c86	0x0
0x5a50V0x5d42	0x0
0x5a55V0x5d42	0x0
0x5a14V0x5d42	0xffffffffffffffffffffffffffffffffffffffff
0x5a2aV0x5d42	0x8fc
0x5a33V0x5d42	0x40
0x5a36V0x5d42	0x0
0x5a38V0x5d42	0x40
0x5a3dV0x5d42	0x0
0x5a4bV0x5d42	0x5a58
0x4413V0x635d	0x0
0x4413V0x6388	0x0
0x4413V0x6d49	0x0
0x5a50V0x6dcd	0x0
0x5a55V0x6dcd	0x0
0x5a14V0x6dcd	0xffffffffffffffffffffffffffffffffffffffff
0x5a2aV0x6dcd	0x8fc
0x5a33V0x6dcd	0x40
0x5a36V0x6dcd	0x0
0x5a38V0x6dcd	0x40
0x5a3dV0x6dcd	0x0
0x5a4bV0x6dcd	0x5a58
0x17b0V0x3d0	0x0
0x17b2V0x3d0	0x17ba
0x17b6V0x3d0	0x1221
0x17beV0x3d0	0x17fc
0x17c2V0x3d0	0x40
0x17c6V0x3d0	0x40
0x17c9V0x3d0	0x40
0x17cdV0x3d0	0xb
0x17d1V0x3d0	0x20
0x17d4V0x3d0	0x6d696e74206661696c6564000000000000000000000000000000000000000000
0x17f8V0x3d0	0x1332
0x720aV0x2404	0x1
0x720dV0x2404	0x1
0x7211V0x2404	0x100
0x7217V0x2404	0x2
0x721cV0x2404	0x0
0x721fV0x2404	0x20
0x7221V0x2404	0x0
0x7225V0x2404	0x1f
0x7228V0x2404	0x20
0x7230V0x2404	0x1f
0x7233V0x2404	0x7247
0x724bV0x2404	0x1
0x7252V0x2404	0x7275
0x7279V0x2404	0x7282
0x727eV0x2404	0x73ba
0x725eV0x2404	0x7274
0x7239V0x2404	0xff
0x723bV0x2404	0xffffffffffffffffffffffffffffffffffffffffffffffffffffffffffffff00
0x7243V0x2404	0x7275
0x7267V0x2404	0x20
0x726cV0x2404	0x1
0x7270V0x2404	0x7259
0x73c9V0x7275V0x2404	0x0
0x73ccV0x7275V0x2404	0x0
0x73d1V0x7275V0x2404	0x1
0x73d4V0x7275V0x2404	0x73c0
0x73bbV0x7275V0x2404	0x73dc
0x73c5V0x7275V0x2404	0x73d8
0x720aV0x241a	0x1
0x720dV0x241a	0x1
0x7211V0x241a	0x100
0x7217V0x241a	0x2
0x721cV0x241a	0x0
0x721fV0x241a	0x20
0x7221V0x241a	0x0
0x7225V0x241a	0x1f
0x7228V0x241a	0x20
0x7230V0x241a	0x1f
0x7233V0x241a	0x7247
0x724bV0x241a	0x1
0x7252V0x241a	0x7275
0x7279V0x241a	0x7282
0x727eV0x241a	0x73ba
0x725eV0x241a	0x7274
0x7239V0x241a	0xff
0x723bV0x241a	0xffffffffffffffffffffffffffffffffffffffffffffffffffffffffffffff00
0x7243V0x241a	0x7275
0x7267V0x241a	0x20
0x726cV0x241a	0x1
0x7270V0x241a	0x7259
0x73c9V0x7275V0x241a	0x0
0x73ccV0x7275V0x241a	0x0
0x73d1V0x7275V0x241a	0x1
0x73d4V0x7275V0x241a	0x73c0
0x73bbV0x7275V0x241a	0x73dc
0x73c5V0x7275V0x241a	0x73d8
0x46fbV0x2617	0x4702
0x46feV0x2617	0x71f3
0x4703V0x2617	0x40
0x4707V0x2617	0x20
0x470aV0x2617	0x40
0x470eV0x2617	0x471b
0x4712V0x2617	0x0
0x4717V0x2617	0x5fa5
0x71f4V0x46faV0x2617	0x40
0x71f8V0x46faV0x2617	0x20
0x71fbV0x46faV0x2617	0x40
0x71ffV0x46faV0x2617	0x0
0x5453V0x3903	0x0
0x5455V0x3903	0x5473
0x5458V0x3903	0x5469
0x545cV0x3903	0xde0b6b3a7640000
0x5465V0x3903	0x5fa5
0x546bV0x3903	0x0
0x546fV0x3903	0x5fef
0x46fbV0x3f51	0x4702
0x46feV0x3f51	0x71f3
0x4703V0x3f51	0x40
0x4707V0x3f51	0x20
0x470aV0x3f51	0x40
0x470eV0x3f51	0x471b
0x4712V0x3f51	0x0
0x4717V0x3f51	0x5fa5
0x71f4V0x46faV0x3f51	0x40
0x71f8V0x46faV0x3f51	0x20
0x71fbV0x46faV0x3f51	0x40
0x71ffV0x46faV0x3f51	0x0
0x46fbV0x477a	0x4702
0x46feV0x477a	0x71f3
0x4703V0x477a	0x40
0x4707V0x477a	0x20
0x470aV0x477a	0x40
0x470eV0x477a	0x471b
0x4712V0x477a	0x0
0x4717V0x477a	0x5fa5
0x71f4V0x46faV0x477a	0x40
0x71f8V0x46faV0x477a	0x20
0x71fbV0x46faV0x477a	0x40
0x71ffV0x46faV0x477a	0x0
0x5453V0x702b	0x0
0x5455V0x702b	0x5473
0x5458V0x702b	0x5469
0x545cV0x702b	0xde0b6b3a7640000
0x5465V0x702b	0x5fa5
0x546bV0x702b	0x0
0x546fV0x702b	0x5fef
0x1d76V0x6fb	0x0
0x1d78V0x6fb	0x1d80
0x1d7cV0x6fb	0x3fad
0x1d84V0x6fb	0x1dc2
0x1d88V0x6fb	0x40
0x1d8cV0x6fb	0x40
0x1d8fV0x6fb	0x40
0x1d93V0x6fb	0x12
0x1d97V0x6fb	0x20
0x1d9aV0x6fb	0x7265706179426f72726f77206661696c65640000000000000000000000000000
0x1dbeV0x6fb	0x1332
0x3fc4V0x1d75V0x6fb	0x40
0x3fc7V0x1d75V0x6fb	0x8c379a000000000000000000000000000000000000000000000000000000000
0x3feaV0x1d75V0x6fb	0x4
0x3fefV0x1d75V0x6fb	0x20
0x3ff4V0x1d75V0x6fb	0x20
0x3ff7V0x1d75V0x6fb	0xa
0x3ffbV0x1d75V0x6fb	0x20
0x3fffV0x1d75V0x6fb	0x72652d656e746572656400000000000000000000000000000000000000000000
0x4023V0x1d75V0x6fb	0x20
0x4029V0x1d75V0x6fb	0x40
0x402eV0x1d75V0x6fb	0x64
0x406bV0x1d75V0x6fb	0x4080
0x406fV0x1d75V0x6fb	0x10
0x4074V0x1d75V0x6fb	0x4079
0x3faeV0x1d75V0x6fb	0x0
0x3fb1V0x1d75V0x6fb	0x0
0x3fb7V0x1d75V0x6fb	0x100
0x3fbaV0x1d75V0x6fb	0x1
0x3fbdV0x1d75V0x6fb	0xff
0x3fc0V0x1d75V0x6fb	0x4031
0x4032V0x1d75V0x6fb	0x0
0x4035V0x1d75V0x6fb	0x0
0x4037V0x1d75V0x6fb	0x100
0x403aV0x1d75V0x6fb	0x1
0x403eV0x1d75V0x6fb	0xff
0x4040V0x1d75V0x6fb	0xff
0x4041V0x1d75V0x6fb	0xffffffffffffffffffffffffffffffffffffffffffffffffffffffffffffff00
0x4045V0x1d75V0x6fb	0x1
0x4046V0x1d75V0x6fb	0x0
0x4047V0x1d75V0x6fb	0x0
0x404cV0x1d75V0x6fb	0x0
0x404eV0x1d75V0x6fb	0x4055
0x4051V0x1d75V0x6fb	0x2470
0x4058V0x1d75V0x6fb	0x0
0x405aV0x1d75V0x6fb	0x10
0x405dV0x1d75V0x6fb	0x0
0x405eV0x1d75V0x6fb	0x1
0x405fV0x1d75V0x6fb	0x4064
0x4067V0x1d75V0x6fb	0x408f
0x4090V0x1d75V0x6fb	0x409a
0x4096V0x1d75V0x6fb	0x54c5
0x4081V0x1d75V0x6fb	0x0
0x408bV0x1d75V0x6fb	0x40a0
0x407aV0x1d75V0x6fb	0x23
0x407cV0x1d75V0x6fb	0x33c0
0x3fad0x33eaV0x1d75V0x6fb	0x33ef
0x3fad0x33e5V0x1d75V0x6fb	0x10
0x3fad0x33c3V0x1d75V0x6fb	0x45b96fe442630264581b197e84bbada861235052c5a1aadfff9ea4e40a969aa0
0x3fad0x33c1V0x1d75V0x6fb	0x0
0x3fad0x33f6V0x1d75V0x6fb	0x33fb
0x3fad0x33f1V0x1d75V0x6fb	0x38
0x3fad0x33f4V0x1d75V0x6fb	0x0
0x3fad0x3427V0x1d75V0x6fb	0x342c
0x3fad0x3422V0x1d75V0x6fb	0x10
0x3fad0x3419V0x1d75V0x6fb	0x40
0x3fad0x3411V0x1d75V0x6fb	0x20
0x3fad0x340bV0x1d75V0x6fb	0x20
0x3fad0x3405V0x1d75V0x6fb	0x20
0x3fad0x33feV0x1d75V0x6fb	0x40
0x3fad0x33fcV0x1d75V0x6fb	0x0
0x3fad0x341eV0x1d75V0x6fb	0x60
0x3fad0x40b6V0x1d75V0x6fb	0x1
0x3fad0x40b5V0x1d75V0x6fb	0x1
0x3fad0x40b4V0x1d75V0x6fb	0x0
0x3fad0x40b0V0x1d75V0x6fb	0xffffffffffffffffffffffffffffffffffffffffffffffffffffffffffffff00
0x3fad0x40afV0x1d75V0x6fb	0xff
0x3fad0x40adV0x1d75V0x6fb	0xff
0x3fad0x40a9V0x1d75V0x6fb	0x1
0x3fad0x40a6V0x1d75V0x6fb	0x100
0x3fad0x40a3V0x1d75V0x6fb	0x0
0x3fad0x40a1V0x1d75V0x6fb	0x1
