0x1a	0x14f
0x25	0xc1
0x30	0x7a
0xc9	0x113
0x157	0x1f3
0x162	0x1ac
0x1fb	0x245
0x2d1	0x2d9
0x30c	0x322
0x31e	0x307
0x332	0x34f
0x361	0x369
0x36b	0x3b6
0x378	0x380
0x3b2	0x16b8
0x3de	0x3e6
0x3e8	0x3ef
0x3eb	0x17ff
0x409	0x411
0x413	0x454
0x420	0x428
0x450	0x1805
0x46e	0x476
0x478	0x47f
0x47b	0x1954
0x499	0x4a1
0x4c4	0x4cc
0x4ce	0x539
0x4db	0x4e3
0x535	0x1969
0x557	0x55f
0x561	0x568
0x564	0x1a43
0x5ae	0x5b6
0x5b8	0x5bf
0x5bb	0x1a69
0x5df	0x5e7
0x5e9	0x62a0x5db
0x5f6	0x5fe
0x626	0x1a7c
0x644	0x64c
0x66f	0x677
0x679	0x6ba
0x686	0x68e
0x6b6	0x1afe0x66b
0x6d4	0x6dc
0x6de	0x6e5
0x6e1	0x1d6f
0x709	0x711
0x713	0x71a
0x716	0x1dc5
0x760	0x768
0x76a	0x795
0x777	0x77f
0x791	0x1deb
0x7af	0x7b7
0x7b9	0x7c0
0x7bc	0x1ef1
0x7da	0x7e2
0x7e4	0x825
0x7f1	0x7f9
0x821	0x1ef7
0x83f	0x847
0x86a	0x872
0x874	0x89f0x866
0x881	0x889
0x89b	0x2087
0x8b9	0x8c1
0x8c3	0x8ca
0x8c6	0x2099
0x910	0x918
0x91a	0x921
0x91d	0x20c3
0x93b	0x943
0x976	0x98c
0x988	0x971
0x99c	0x9b9
0x9cb	0x9d3
0x9d5	0xa16
0x9e2	0x9ea
0xa12	0x21670x9c7
0xa30	0xa38
0xa3a	0xbe0
0xa47	0xa4f
0xaae	0xab6
0xac0	0xac8
0xae2	0xaea
0xb45	0xb4d
0xb57	0xb5f
0xb79	0xb81
0xbdc	0x2179
0xbe6	0xbee
0xc11	0xc19
0xc1b	0xc66
0xc28	0xc30
0xc62	0x2706
0xc84	0xc8c
0xc8e	0xc95
0xc91	0x27df
0xcac	0xd0d0xcab
0xcb9	0xcc1
0xd09	0x27e5
0xd13	0xd1b
0xd1d	0xd24
0xd20	0x2839
0xd3e	0xd46
0xd48	0xdb3
0xd55	0xd5d
0xdaf	0x2913
0xdcd	0xdd5
0xdd7	0xe18
0xde4	0xdec
0xe14	0x29df
0xe32	0xe3a
0xe5d	0xe65
0xe67	0xea8
0xe74	0xe7c
0xea4	0x2caa
0xed7	0xedf
0xee1	0xf0c0xed3
0xeee	0xef6
0xf08	0x2d2f
0xf26	0xf2e
0xf30	0xf5b0xf22
0xf3d	0xf45
0xf57	0x2d41
0xf75	0xf7d
0xf7f	0xfe0
0xf8c	0xf94
0xfdc	0x2d53
0xff7	0x10380xff6
0x1004	0x100c
0x1034	0x2dda
0x103e	0x1046
0x1069	0x1071
0x1073	0x10b4
0x1080	0x1088
0x10b0	0x3149
0x10ce	0x10d6
0x10d8	0x10df
0x10db	0x3199
0x1125	0x112d
0x112f	0x1136
0x1132	0x31bf
0x117c	0x1184
0x1186	0x118d
0x1189	0x31e5
0x11a7	0x11af
0x11b1	0x11dc
0x11be	0x11c6
0x11d8	0x32b5
0x11f6	0x11fe
0x1200	0x1207
0x1203	0x33bb
0x1234	0x12a5
0x12d3	0x12d8
0x12db	0x1303
0x12df	0x12f4
0x12e8	0x12ed
0x12f0	0x33c00x1221
0x12ff	0x13130x1221
0x133a	0x133f
0x1343	0x134b
0x1347	0x1616
0x136c	0x1384
0x1393	0x13f5
0x139d	0x13a2
0x13b4	0x13b9
0x13f1	0x138d
0x1404	0x1409
0x1447	0x144c
0x1480	0x1485
0x1496	0x149b
0x14cf	0x14d4
0x14e5	0x14ea
0x1528	0x152d
0x1564	0x1569
0x156e	0x1612
0x15c1	0x15d7
0x15d3	0x15bc
0x15e7	0x1604
0x1666	0x7526
0x166e	0x1685
0x1681	0x754d
0x16a3	0x1693
0x1817	0x1888
0x18aa	0x18af
0x18b9	0x192a
0x197b	0x19ec
0x1a0e	0x1a13
0x1dfd	0x1e6e
0x1e9c	0x1ea1
0x1ea4	0x1ec5
0x1ea8	0x1ebd
0x1eb1	0x1eb6
0x1eb9	0x33c00x75c
0x1ec1	0x1ed2
0x2115	0x7574
0x211d	0x2134
0x2130	0x759b
0x2152	0x2142
0x21cb	0x221f
0x2228	0x2233
0x2234	0x2288
0x2296	0x22ea
0x22ff	0x2304
0x2307	0x2378
0x23a8	0x23ad
0x23b0	0x2404
0x2489	0x24a2
0x2494	0x2499
0x249e	0x27030x2470
0x2540	0x2548
0x254f	0x255c
0x256a	0x2572
0x2590	0x2601
0x26ee	0x26f3
0x2718	0x2789
0x27ab	0x27b0
0x28cb	0x28d3
0x28da	0x28e7
0x28f5	0x28fd
0x2925	0x2996
0x2a33	0x2a49
0x2a45	0x2b59
0x2b50	0x2b55
0x2b70	0x2be1
0x2c03	0x2c08
0x2c12	0x2c83
0x2d15	0x2d1a
0x315e	0x3163
0x3166	0x3187
0x316a	0x317f
0x3173	0x3178
0x317b	0x33c00x1065
0x3183	0x3194
0x326d	0x3275
0x327c	0x3289
0x3297	0x329f
0x32c7	0x3338
0x3366	0x336b
0x336e	0x338f
0x3372	0x3387
0x337b	0x3380
0x3383	0x33c00x11a3
0x338b	0x339c
0x33ea	0x33ef0x33c0
0x350e	0x3516
0x351d	0x352a
0x3538	0x3540
0x3558	0x3577
0x3573	0x75c2
0x3584	0x35a2
0x359e	0x75e8
0x35a3	0x35aa
0x35a6	0x7286
0x3882	0x388a
0x3891	0x389e
0x38aa	0x38af
0x38d0	0x38de
0x38da	0x3929
0x3a38	0x3a40
0x3a47	0x3a54
0x3a62	0x3a6a
0x3a82	0x3a9a
0x3a96	0x760e
0x3acb	0x3ae2
0x3ade	0x7635
0x3b18	0x3b43
0x3b3f	0x3bc3
0x3d17	0x3d9c
0x3f0a	0x3f12
0x3f19	0x3f26
0x3f32	0x3f37
0x3f8a	0x3f8f
0x3f96	0x3f9b
0x3f9d	0x3fa5
0x4114	0x412b
0x4127	0x765c
0x4138	0x414f
0x414b	0x7680
0x415b	0x4172
0x416e	0x76a4
0x4179	0x4190
0x418c	0x76c8
0x426e	0x4273
0x43d3	0x43e0
0x43dc	0x440d
0x446f	0x4486
0x4482	0x76ec
0x4493	0x44aa
0x44a6	0x7710
0x450d	0x4515
0x451c	0x4529
0x4537	0x453f
0x4551	0x45c2
0x46a2	0x46a7
0x46b3	0x46f2
0x46ee	0x6039
0x4ab5	0x4abd
0x4ac4	0x4ad1
0x4adf	0x4ae7
0x4aff	0x4b17
0x4b13	0x7734
0x4b48	0x4b5f
0x4b5b	0x775b
0x4e23	0x4e2b
0x4e32	0x4e3f
0x4e4b	0x4e50
0x51d6	0x51ec
0x51e8	0x7782
0x51f9	0x520f
0x520b	0x77a6
0x521c	0x5232
0x522e	0x77ca
0x5287	0x528c
0x52bf	0x52c4
0x52cb	0x52d0
0x52fb	0x5300
0x533b	0x53ac
0x53b0	0x5421
0x5435	0x543e
0x543a	0x700f
0x55d3	0x55db
0x55e2	0x55ef
0x55fd	0x5605
0x561d	0x563c
0x5638	0x77ee
0x5649	0x5667
0x5663	0x7815
0x5668	0x566f
0x566b	0x72d9
0x56f2	0x5708
0x5704	0x5713
0x59d1	0x59d9
0x59e0	0x59ed
0x59f9	0x59fe
0x5a64	0x5a6d
0x5a6e	0x5ac2
0x5ac3	0x5aca
0x5ac6	0x7334
0x5ae1	0x5b18
0x5b14	0x5b48
0x5c23	0x5c2b
0x5c32	0x5c3f
0x5c4d	0x5c55
0x5c6d	0x5c86
0x5c82	0x783c
0x5c93	0x5cab
0x5ca7	0x7862
0x5d2a	0x5d42
0x5d3e	0x7888
0x5f6c	0x5f74
0x5f7b	0x5f88
0x5f94	0x5f99
0x5ff2	0x6031
0x602d	0x7133
0x6042	0x60e6
0x6095	0x60ab
0x60a7	0x6090
0x60bb	0x60d8
0x62f4	0x62fc
0x6303	0x6310
0x631e	0x6326
0x633e	0x635d
0x6359	0x78ae
0x636a	0x6388
0x6384	0x78d6
0x63ce	0x63d6
0x63dd	0x63ea
0x63f8	0x6400
0x6413	0x6431
0x642d	0x78fe
0x6462	0x6480
0x647c	0x7926
0x6486	0x64a4
0x64a0	0x794e
0x64c9	0x64e7
0x64e3	0x7976
0x6501	0x6506
0x6509	0x6533
0x650d	0x6522
0x6516	0x651b
0x651e	0x33c00x61b2
0x652f	0x799e
0x6608	0x6610
0x6617	0x6624
0x6632	0x663a
0x6661	0x6666
0x6669	0x66bd
0x6733	0x673b
0x6742	0x674f
0x675d	0x6765
0x6779	0x67ea
0x681d	0x6833
0x682f	0x692c
0x68e6	0x68ee
0x68f5	0x6902
0x6910	0x6918
0x6934	0x6939
0x693c	0x69ad
0x6bcd	0x6bd5
0x6bdc	0x6be9
0x6bf5	0x6bfa
0x6ce7	0x6cef
0x6cf6	0x6d03
0x6d11	0x6d19
0x6d31	0x6d49
0x6d45	0x79c6
0x6d56	0x6d6d
0x6d69	0x79eb
0x6d79	0x6d90
0x6d8c	0x7a10
0x6d91	0x6d98
0x6d94	0x7387
0x6fd7	0x6fdf
0x6fe6	0x6ff3
0x6fff	0x7004
0x713b	0x71df
0x718e	0x71a4
0x71a0	0x7189
0x71b4	0x71d1
0x71e4	0x71e9
0x7299	0x729e
0x72ab	0x72b0
0x72ed	0x72f2
0x72ff	0x7304
0x7347	0x734c
0x7359	0x735e
0x739a	0x739f
0x7a16	0x7a74
0x7a18	0x7aef
0x7a1a	0x7af2
0x7a1c	0x7af5
0x7a1e	0x7af8
0x7a20	0x7afb
0x7a22	0x7afe
0x7a24	0x7add
0x7a26	0x7ae0
0x7a28	0x7ae3
0x7a2a	0x7ae6
0x7a2c	0x7ae9
0x7a2e	0x7aec
0x7a30	0x7acb
0x7a32	0x7ace
0x7a34	0x7ad1
0x7a36	0x7ad4
0x7a38	0x7ad7
0x7a3a	0x7ada
0x7a3c	0x7abc
0x7a3e	0x7abf
0x7a40	0x7ac2
0x7a42	0x7ac5
0x7a44	0x7ac8
0x7a46	0x7aaa
0x7a48	0x7aad
0x7a4a	0x7ab0
0x7a4c	0x7ab3
0x7a4e	0x7ab6
0x7a50	0x7ab9
0x7a52	0x7a98
0x7a54	0x7a9b
0x7a56	0x7a9e
0x7a58	0x7aa1
0x7a5a	0x7aa4
0x7a5c	0x7aa7
0x7a5e	0x7a86
0x7a60	0x7a89
0x7a62	0x7a8c
0x7a64	0x7a8f
0x7a66	0x7a92
0x7a68	0x7a95
0x7a6a	0x7a77
0x7a6c	0x7a7a
0x7a6e	0x7a7d
0x7a70	0x7a80
0x7a72	0x7a83
0x75c0x3427	0x342c0x75c
0x10650x3427	0x342c0x1065
0x11a30x3427	0x342c0x11a3
0x12210x3427	0x342c0x1221
0x33c00x3427	0x342c0x33c0
0x61b20x3427	0x342c0x61b2
0x75c0x33f6	0x33fb0x75c
0x10650x33f6	0x33fb0x1065
0x11a30x33f6	0x33fb0x11a3
0x12210x33f6	0x33fb0x1221
0x33c00x33f6	0x33fb0x33c0
0x61b20x33f6	0x33fb0x61b2
0x75c0x33ea	0x33ef0x75c
0x10650x33ea	0x33ef0x1065
0x11a30x33ea	0x33ef0x11a3
0x12210x33ea	0x33ef0x1221
0x61b20x33ea	0x33ef0x61b2
0x66b0x1d61	0x1d660x66b
0x66b0x1c10	0x1c810x66b
0x66b0x1bf6	0x1bfe0x66b
0x66b0x1bdb	0x1be80x66b
0x66b0x1bcc	0x1bd40x66b
0x66b0x1b64	0x1d6a0x66b
0x66b0x1b52	0x1b680x66b
0x1f52V0x847	0x1fc3B0x847
0x1fe5V0x847	0x1feaB0x847
0x1ff4V0x847	0x20650x1f40B0x847
0x4339V0x2087	0x434eB0x2087
0x4342V0x2087	0x4347B0x2087
0x428eV0x2087	0x42ffB0x2087
0x432dV0x2087	0x4332B0x2087
0x4335V0x2087	0x4356B0x2087
0x4352V0x2087	0x43660x427cB0x2087
0x434aV0x2087	0x33c00x427cB0x2087
0x427c0x33eaV0x2087	0x33ef0x427cB0x2087
0x427c0x33f6V0x2087	0x33fb0x427cB0x2087
0x427c0x3427V0x2087	0x342c0x427cB0x2087
0x4869V0x27e5	0x486eB0x27e5
0x4926V0x27e5	0x492bB0x27e5
0x47b5V0x27e5	0x4826B0x27e5
0x4854V0x27e5	0x4859B0x27e5
0x485cV0x27e5	0x4884B0x27e5
0x48c4V0x27e5	0x48ccB0x27e5
0x4880V0x27e5	0x49530x47a2B0x27e5
0x4871V0x27e5	0x33c00x47a2B0x27e5
0x48d3V0x27e5	0x48e0B0x27e5
0x48eeV0x27e5	0x48f6B0x27e5
0x4911V0x27e5	0x4916B0x27e5
0x4919V0x27e5	0x4941B0x27e5
0x493dV0x27e5	0x49530x47a2B0x27e5
0x492eV0x27e5	0x33c00x47a2B0x27e5
0x47a20x33eaV0x27e5	0x33ef0x47a2B0x27e5
0x47a20x33f6V0x27e5	0x33fb0x47a2B0x27e5
0x47a20x3427V0x27e5	0x342c0x47a2B0x27e5
0x4f1bV0x2d2f	0x4f30B0x2d2f
0x4f24V0x2d2f	0x4f29B0x2d2f
0x4e70V0x2d2f	0x4ee1B0x2d2f
0x4f0fV0x2d2f	0x4f14B0x2d2f
0x4f17V0x2d2f	0x4f38B0x2d2f
0x4f34V0x2d2f	0x4f460x4e5eB0x2d2f
0x4f2cV0x2d2f	0x33c00x4e5eB0x2d2f
0x4e5e0x33eaV0x2d2f	0x33ef0x4e5eB0x2d2f
0x4e5e0x33f6V0x2d2f	0x33fb0x4e5eB0x2d2f
0x4e5e0x3427V0x2d2f	0x342c0x4e5eB0x2d2f
0x5022V0x2d41	0x5037B0x2d41
0x502bV0x2d41	0x5030B0x2d41
0x4f77V0x2d41	0x4fe8B0x2d41
0x5016V0x2d41	0x501bB0x2d41
0x501eV0x2d41	0x503fB0x2d41
0x503bV0x2d41	0x504f0x4f65B0x2d41
0x5033V0x2d41	0x33c00x4f65B0x2d41
0x4f650x33eaV0x2d41	0x33ef0x4f65B0x2d41
0x4f650x33f6V0x2d41	0x33fb0x4f65B0x2d41
0x4f650x3427V0x2d41	0x342c0x4f65B0x2d41
0x512cV0x2dda	0x5141B0x2dda
0x5135V0x2dda	0x513aB0x2dda
0x5081V0x2dda	0x50f2B0x2dda
0x5120V0x2dda	0x5125B0x2dda
0x5128V0x2dda	0x5150B0x2dda
0x514cV0x2dda	0x51610x506eB0x2dda
0x513dV0x2dda	0x33c00x506eB0x2dda
0x506e0x33eaV0x2dda	0x33ef0x506eB0x2dda
0x506e0x33f6V0x2dda	0x33fb0x506eB0x2dda
0x506e0x3427V0x2dda	0x342c0x506eB0x2dda
0x2e82V0x1046	0x2eb7B0x1046
0x2eb9V0x1046	0x2ecfB0x1046
0x313cV0x1046	0x3141B0x1046
0x2ecbV0x1046	0x3146B0x1046
0x54aeV0x3f6f	0x54beB0x3f6f
0x54a1V0x3f6f	0x54b2B0x3f6f
0x1b52V0x22ea	0x1b680x1afeB0x22ea
0x1afe0x1b64V0x22ea	0x1d6a0x1afeB0x22ea
0x1afe0x1bccV0x22ea	0x1bd40x1afeB0x22ea
0x1afe0x1bdbV0x22ea	0x1be80x1afeB0x22ea
0x1afe0x1bf6V0x22ea	0x1bfe0x1afeB0x22ea
0x1afe0x1c10V0x22ea	0x1c810x1afeB0x22ea
0x1afe0x1d61V0x22ea	0x1d660x1afeB0x22ea
0x6102V0x4726	0x61a6B0x4726
0x617bV0x4726	0x6198B0x4726
0x6155V0x4726	0x616bB0x4726
0x6167V0x4726	0x6150B0x4726
0x548dV0x3f5b	0x5492B0x3f5b
0x5a4bV0x419c	0x5a58B0x419c
0x7068V0x5fa5	0x712cB0x5fa5
0x7055V0x5fa5	0x705eB0x5fa5
0x7060V0x5fa5	0x706cB0x5fa5
0x7078V0x5fa5	0x707dB0x5fa5
0x7082V0x5fa5	0x7126B0x5fa5
0x70fbV0x5fa5	0x7118B0x5fa5
0x70d5V0x5fa5	0x70ebB0x5fa5
0x70e7V0x5fa5	0x70d0B0x5fa5
0x548dV0x4784	0x5492B0x4784
0x548dV0x543e	0x5492B0x543e
0x5a4bV0x5d42	0x5a58B0x5d42
0x5a4bV0x6dcd	0x5a58B0x6dcd
0x7233V0x2404	0x7247B0x2404
0x7252V0x2404	0x7275B0x2404
0x725eV0x2404	0x7274B0x2404
0x7243V0x2404	0x7275B0x2404
0x7270V0x2404	0x7259B0x2404
0x73d4V0x7275V0x2404	0x73c0B0x7275B0x2404
0x73bbV0x7275V0x2404	0x73dcB0x7275B0x2404
0x73c5V0x7275V0x2404	0x73d8B0x7275B0x2404
0x7233V0x241a	0x7247B0x241a
0x7252V0x241a	0x7275B0x241a
0x725eV0x241a	0x7274B0x241a
0x7243V0x241a	0x7275B0x241a
0x7270V0x241a	0x7259B0x241a
0x73d4V0x7275V0x241a	0x73c0B0x7275B0x241a
0x73bbV0x7275V0x241a	0x73dcB0x7275B0x241a
0x73c5V0x7275V0x241a	0x73d8B0x7275B0x241a
0x406bV0x1d75V0x6fb	0x4080B0x1d75B0x6fb
0x4074V0x1d75V0x6fb	0x4079B0x1d75B0x6fb
0x3fc0V0x1d75V0x6fb	0x4031B0x1d75B0x6fb
0x405fV0x1d75V0x6fb	0x4064B0x1d75B0x6fb
0x4067V0x1d75V0x6fb	0x408fB0x1d75B0x6fb
0x408bV0x1d75V0x6fb	0x40a00x3fadB0x1d75B0x6fb
0x407cV0x1d75V0x6fb	0x33c00x3fadB0x1d75B0x6fb
0x3fad0x33eaV0x1d75V0x6fb	0x33ef0x3fadB0x1d75B0x6fb
0x3fad0x33f6V0x1d75V0x6fb	0x33fb0x3fadB0x1d75B0x6fb
0x3fad0x3427V0x1d75V0x6fb	0x342c0x3fadB0x1d75B0x6fb
